name	description	GS details	SIZE	ES	NES	pval	padj	FWER	Rank at Max	leading edge genes
ADIPOGENESIS%WIKIPATHWAYS_20240310%WP236%HOMO SAPIENS	ADIPOGENESIS%WIKIPATHWAYS_20240310%WP236%HOMO SAPIENS	Details	99	0.625265733293482	1.64208252727704	0.00121818298390716	0.0319930376095319	0	972	MIXL1,GATA4,BMP2,CYP26A1,CNTFR,TGFB1,BMP4,WNT5B,TWIST1,FOXC2,GATA3,RXRG,RXRA,ID3,FZD1,LPIN2
ANGIOGENESIS%GOBP%GO:0001525	ANGIOGENESIS%GOBP%GO:0001525	Details	159	0.581345351209591	1.61747724567542	0.000578597965771362	0.0180240194467685	0	736	ITGA5,BMPER,EPHB3,RSPO3,TGFB1,DLL1,SOX17,MEIS1,HAND1,BMP4,PDGFRA,NRP1,PGF,AMOTL2,SLIT2,AKT1,ANGPT2,PRCP,ID1
ANTERIOR/POSTERIOR AXIS SPECIFICATION%GOBP%GO:0009948	ANTERIOR/POSTERIOR AXIS SPECIFICATION%GOBP%GO:0009948	Details	29	0.908607246484701	1.97308029942333	6.25680160519583e-07	0.000101889607678458	0	533	CER1,WLS,TBXT,LHX1,MESP1,MESP2,WNT8A,TBX3,CDX1,CDX2,FOXA2,OTX2
AORTIC VALVE DEVELOPMENT%GOBP%GO:0003176	AORTIC VALVE DEVELOPMENT%GOBP%GO:0003176	Details	43	0.805494979605513	1.87040112092163	9.99027034613141e-05	0.00501454374542506	0	603	GATA4,BMP2,SNAI1,TGFB1,CDH11,BMP4,NFATC1,SMAD6,SLIT2,SLIT3,SNAI2,TWIST1,AXIN2,GATA3
AORTIC VALVE MORPHOGENESIS%GOBP%GO:0003180	AORTIC VALVE MORPHOGENESIS%GOBP%GO:0003180	Details	38	0.850492110003553	1.93581985189645	6.77552497533225e-06	0.000614733701690502	0	603	GATA4,SNAI1,TGFB1,CDH11,BMP4,NFATC1,SMAD6,SLIT2,SLIT3,SNAI2,TWIST1,AXIN2,GATA3
ATRIAL CARDIAC MUSCLE TISSUE DEVELOPMENT%GOBP%GO:0003228	ATRIAL CARDIAC MUSCLE TISSUE DEVELOPMENT%GOBP%GO:0003228	Details	15	0.899854503151276	1.74459893105705	0.000598617737224953	0.01822008779531	0	3025	MESP1,TBX3,BMP4,ISL1,CACNA1G
AXIS SPECIFICATION%GOBP%GO:0009798	AXIS SPECIFICATION%GOBP%GO:0009798	Details	48	0.82644192857186	1.9540411498459	2.11122577448751e-06	0.000268167897875403	0	533	CER1,WLS,TBXT,LHX1,MESP1,MESP2,WNT8A,TBX3,CDX1,PTCH1,SMAD6,CDX2,FOXA2,OTX2
AXON GUIDANCE MEDIATED BY SLIT ROBO%PANTHER PATHWAY%P00008	AXON GUIDANCE MEDIATED BY SLIT ROBO%PANTHER PATHWAY%P00008	Details	18	0.881191949769832	1.76429003721357	0.000523229589535408	0.0170411852468686	0	385	NTN1,RHOC,NTN4,SLIT2,SLIT3,NTNG2,CXCR4
BIOMINERAL TISSUE DEVELOPMENT%GOBP%GO:0031214	BIOMINERAL TISSUE DEVELOPMENT%GOBP%GO:0031214	Details	29	0.853519332153375	1.85345448868499	9.58027218724644e-05	0.00486754469289617	0	1242	CER1,BMP2,FGFR3,TSPEAR,PHOSPHO1,STIM1,ZBTB40,ENPP1,FAM20A
BLOOD VESSEL MORPHOGENESIS%GOBP%GO:0048514	BLOOD VESSEL MORPHOGENESIS%GOBP%GO:0048514	Details	211	0.631687882622468	1.80985409262762	7.84709515523263e-07	0.000124592253327206	0	736	APLNR,ITGA5,TBX6,HAS2,BMPER,EPHB3,RSPO3,TGFB1,ADAMTS9,CDH2,DLL1,SOX17,EFEMP2,MEIS1,HAND1,BMP4,PDGFRA,FOXH1,NRP1,PGF,HOXA1,AMOTL2,CYP1B1,SLIT2,AKT1,ANGPT2,LOX,PRCP,FOXF1,ID1
BMP RECEPTOR SIGNALING%PATHWAY INTERACTION DATABASE NCI-NATURE CURATED DATA%BMP RECEPTOR SIGNALING	BMP RECEPTOR SIGNALING%PATHWAY INTERACTION DATABASE NCI-NATURE CURATED DATA%BMP RECEPTOR SIGNALING	Details	41	0.763849678971558	1.76021928009321	0.000741711801842205	0.0209360517933326	0	1932	CER1,BMP2,FST,BMP4,BAMBI,SMAD6,CTDSP1,CHRD,PPP1CA,CTDSP2,BMPR2,PPP1R15A,SMAD9
BONE DEVELOPMENT%GOBP%GO:0060348	BONE DEVELOPMENT%GOBP%GO:0060348	Details	74	0.693954341512478	1.75306486257686	0.000616645755228636	0.01822008779531	0	1318	CER1,COL13A1,NOTUM,MSX2,FOXC1,BMP4,FGFR3,INPPL1,TRPV4,GNAS,TWIST1,FREM1,SRC,PHOSPHO1,TSKU,FGF8,RPL13,ATP6AP1
BONE MINERALIZATION%GOBP%GO:0030282	BONE MINERALIZATION%GOBP%GO:0030282	Details	20	0.876434198542571	1.78679754356243	0.000323345548609614	0.0128347973701229	0	1169	CER1,BMP2,FGFR3,PHOSPHO1,ZBTB40,ENPP1
BONE MORPHOGENESIS%GOBP%GO:0060349	BONE MORPHOGENESIS%GOBP%GO:0060349	Details	31	0.847023095391172	1.86105057628193	7.56330511779946e-05	0.00421355708799512	0	827	CER1,COL13A1,MSX2,FOXC1,BMP4,FGFR3,INPPL1,TRPV4,TWIST1,FREM1,TSKU
BRAIN DEVELOPMENT%GOBP%GO:0007420	BRAIN DEVELOPMENT%GOBP%GO:0007420	Details	346	0.523506463425033	1.56898360331349	9.41909743356318e-05	0.00482424901617417	0	1870	EOMES,WNT3,LHX1,WNT5A,DLC1,MACROH2A2,BMP2,EPHB3,WNT3A,MEIS2,CDH2,DLL1,FOXB1,FOXC1,MEIS1,CNTNAP2,PTCH1,BMP4,MEIS3,NCOA6,SLIT2,SLIT3,CXCR4,CDK6,SALL1,ATXN1,DLX2,ZSWIM6,PBX2,OTX2,NR0B1,WNT9B,UFC1,FXR2,AMIGO2,DAB2IP,TSKU,FZD1,PITPNM1,STIL,DRD2,PLXNA3,PHF8,CALM3,SZT2,ID2,SEMA4C,ZMIZ1,BAG6,SDF4,POMK,SMO,RELN,CDK5RAP3,HOOK3,CDK5R1,DMBX1,CSNK1D,SMG9,NPY,SEMA3E,CNP,RYK,RBBP4,HES1,POU6F1
CALCIUM-DEPENDENT CELL-CELL ADHESION VIA PLASMA MEMBRANE CELL ADHESION MOLECULES%GOBP%GO:0016339	CALCIUM-DEPENDENT CELL-CELL ADHESION VIA PLASMA MEMBRANE CELL ADHESION MOLECULES%GOBP%GO:0016339	Details	37	0.779901155887445	1.76710626331998	0.000625575616452639	0.0182249116517922	0	1706	CDH11,CDH2,CDH20,CDH10,CDH22,CDH18,PCDHGC3,DCHS1,CDH24,PCDHGB4
CAMERA-TYPE EYE DEVELOPMENT%GOBP%GO:0043010	CAMERA-TYPE EYE DEVELOPMENT%GOBP%GO:0043010	Details	116	0.67324154118594	1.80387357897777	5.62766005197429e-05	0.00328103876654828	0	920	LHX1,WNT5A,PTPRM,DLL1,PDGFRA,FBN2,EPHA2,NRP1,SAMD11,CYP1B1,SMARCD3,WNT5B,HDAC1,TWIST1,WNT9B,TSPAN12,TSKU,STRA6,DRD2
CAMERA-TYPE EYE MORPHOGENESIS%GOBP%GO:0048593	CAMERA-TYPE EYE MORPHOGENESIS%GOBP%GO:0048593	Details	54	0.697489270692086	1.68117947230873	0.00219021143964283	0.0456705609711074	0	1144	LHX1,WNT5A,PTPRM,DLL1,EPHA2,SAMD11,TWIST1,TSPAN12,TSKU,STRA6,SDK2
CANONICAL WNT SIGNALING PATHWAY%GOBP%GO:0060070	CANONICAL WNT SIGNALING PATHWAY%GOBP%GO:0060070	Details	61	0.722223092918612	1.77363069203225	0.000367125573633709	0.0136962218444204	0	1174	WNT3,WNT5A,TCF7,WNT8A,SNAI1,LEF1,WNT3A,WNT4,WNT5B,AXIN2,DVL2,GATA3,WNT9B,FZD1,FZD10,FZD8
CARDIAC ATRIUM MORPHOGENESIS%GOBP%GO:0003209	CARDIAC ATRIUM MORPHOGENESIS%GOBP%GO:0003209	Details	21	0.832827723355987	1.71106469904772	0.00192086744219446	0.0444006893716146	0	1696	MESP1,GATA4,BMP2,ZFPM1,BMPR2
CARDIAC CHAMBER DEVELOPMENT%GOBP%GO:0003205	CARDIAC CHAMBER DEVELOPMENT%GOBP%GO:0003205	Details	97	0.728352488292141	1.90689346395954	2.73437723292361e-06	0.000304224660750355	0	1165	GATA6,MESP1,GATA4,APLNR,BMP2,TGFB1,HAND1,BMP4,SMAD6,FOXH1,NRP1,SLIT2,DSP,SLIT3,SALL1,GATA3,FOXF1,ANK2,STRA6,CITED2,FGF8
CARDIAC CHAMBER MORPHOGENESIS%GOBP%GO:0003206	CARDIAC CHAMBER MORPHOGENESIS%GOBP%GO:0003206	Details	83	0.753545913059707	1.93295713152305	2.3780567319755e-06	0.000278574348245995	0	656	GATA6,MESP1,GATA4,APLNR,BMP2,TGFB1,HAND1,BMP4,SMAD6,FOXH1,NRP1,SLIT2,DSP,SLIT3,GATA3,FOXF1
CARDIAC MUSCLE CELL DIFFERENTIATION%GOBP%GO:0055007	CARDIAC MUSCLE CELL DIFFERENTIATION%GOBP%GO:0055007	Details	54	0.785586897668013	1.8935238455549	2.14187086470244e-05	0.00165890510508843	0	199	MESP1,BMP2,ALPK2,TBX3,WNT3A,IRX3,KDM6B,PDGFRA,MYLK3
CARDIAC SEPTUM DEVELOPMENT%GOBP%GO:0003279	CARDIAC SEPTUM DEVELOPMENT%GOBP%GO:0003279	Details	62	0.751293506132669	1.84972843431045	0.000108025068197114	0.00531835045054166	0	1165	GATA6,GATA4,APLNR,HAND1,BMP4,SMAD6,NRP1,SLIT2,SLIT3,SALL1,GATA3,ANK2,STRA6,CITED2,FGF8
CARDIAC SEPTUM MORPHOGENESIS%GOBP%GO:0060411	CARDIAC SEPTUM MORPHOGENESIS%GOBP%GO:0060411	Details	48	0.782757259097574	1.85075301934448	5.68279427366258e-05	0.00328103876654828	0	1415	GATA6,GATA4,APLNR,HAND1,BMP4,SMAD6,NRP1,SLIT2,SLIT3,CITED2,FGF8,ZFPM1
CARDIAC VENTRICLE DEVELOPMENT%GOBP%GO:0003231	CARDIAC VENTRICLE DEVELOPMENT%GOBP%GO:0003231	Details	75	0.691765864694734	1.75050991078951	0.000369773378193203	0.0136962218444204	0	1128	MESP1,GATA4,APLNR,TGFB1,HAND1,BMP4,FOXH1,SLIT2,DSP,SLIT3,SALL1,GATA3,FOXF1,STRA6,CITED2
CARDIAC VENTRICLE MORPHOGENESIS%GOBP%GO:0003208	CARDIAC VENTRICLE MORPHOGENESIS%GOBP%GO:0003208	Details	54	0.711984396598698	1.71611751242875	0.00126358352287086	0.0323589473941647	0	656	MESP1,GATA4,TGFB1,HAND1,BMP4,FOXH1,DSP,GATA3,FOXF1
CARDIOCYTE DIFFERENTIATION%GOBP%GO:0035051	CARDIOCYTE DIFFERENTIATION%GOBP%GO:0035051	Details	72	0.784853789201494	1.97339316804758	1.03074652133315e-06	0.000153335995133298	0	199	TBXT,GATA6,MESP1,BMP2,ALPK2,TBX3,WNT3A,IRX3,SOX17,KDM6B,PDGFRA,MYLK3
CARTILAGE DEVELOPMENT%GOBP%GO:0051216	CARTILAGE DEVELOPMENT%GOBP%GO:0051216	Details	55	0.703721755361402	1.70083202509543	0.00161515554284368	0.0392150686893171	0	1299	CER1,FGF4,BMP2,TGFB1,BMP4,FGFR3,TRPV4,WNT5B,RUNX1,TSKU,CREB3L2,BMP1
CELL FATE DETERMINATION%GOBP%GO:0001709	CELL FATE DETERMINATION%GOBP%GO:0001709	Details	18	0.854234315081953	1.71031645481862	0.00187640956247181	0.0439744543588873	0	603	MESP1,DLL1,SOX17,GATA3
CELL FATE SPECIFICATION%GOBP%GO:0001708	CELL FATE SPECIFICATION%GOBP%GO:0001708	Details	37	0.756283254008395	1.7135926327504	0.00184197264844388	0.0436214039059313	0	373	EOMES,TBXT,GSC,TBX6,TBX3,DLL1,SOX17,NRP1,FOXA2
CELL LINEAGE MAP FOR NEURONAL DIFFERENTIATION%WIKIPATHWAYS_20240310%WP5417%HOMO SAPIENS	CELL LINEAGE MAP FOR NEURONAL DIFFERENTIATION%WIKIPATHWAYS_20240310%WP5417%HOMO SAPIENS	Details	87	0.665543876830787	1.71872078864427	0.000420923116773786	0.0149345403051973	0	629	MIXL1,TBXT,GATA6,LHX1,GAD1,GATA4,SNAI1,MSX2,CDH2,NODAL,MSX1,SOX17,BMP4,GABBR2,ADRA2C,AP2A2,FOXA2,SNAI2,TWIST1,LIN7A,ACHE
CELL POPULATION PROLIFERATION%GOBP%GO:0008283	CELL POPULATION PROLIFERATION%GOBP%GO:0008283	Details	217	0.543037351958747	1.55999196114244	0.000617084423026064	0.01822008779531	0	1585	CER1,WNT3,FGF4,WNT5A,BMP2,BMPER,WNT3A,TNFSF14,FOXC1,CNTNAP2,BMP4,FGFR3,EPHA2,DIPK2A,AKT1,ZNF324,RHBDF1,CADM1,TWIST1,PDK1,RUNX1,MAP4K1,MUS81,ATOH8,F2RL1,ID2,ARHGEF2,CITED2,SERPINB1,FIGNL1,MT-RNR1,LMBR1L,CDK5RAP3,HOOK3,NF2
CELL-CELL ADHESION MEDIATED BY CADHERIN%GOBP%GO:0044331	CELL-CELL ADHESION MEDIATED BY CADHERIN%GOBP%GO:0044331	Details	24	0.807208257189897	1.69553531446977	0.00234376397760006	0.0478731045915472	0	2060	CDH11,CDH2,CDH20,CDH10,CDH22,CDH18,CDH24,FER
CELL-CELL SIGNALING BY WNT%GOBP%GO:0198738	CELL-CELL SIGNALING BY WNT%GOBP%GO:0198738	Details	99	0.644175043031269	1.69174244860319	0.000464832980701417	0.0158717970991113	0	607	WNT3,WLS,WNT5A,TCF7,WNT8A,SNAI1,LEF1,WNT3A,VANGL1,WNT4,NXN,FERMT2,WNT5B,AXIN2,DVL2,GATA3,WNT9B
CELL-SUBSTRATE ADHESION%GOBP%GO:0031589	CELL-SUBSTRATE ADHESION%GOBP%GO:0031589	Details	127	0.595285888725399	1.61221405705858	0.00100299330815402	0.0271064276599413	0	2092	ITGA5,COL13A1,DLC1,EPHB3,ADAMTS9,CDH11,ITGA9,SMAD6,NTN4,FERMT2,ITGA8,SRC,RADIL,PIK3R1,FN1,TAOK2,PPFIA2,VWF,TIAM1,TSC1,PIP5K1A,FER,PKD1,PARVA
CELLULAR RESPONSE TO GROWTH FACTOR STIMULUS%GOBP%GO:0071363	CELLULAR RESPONSE TO GROWTH FACTOR STIMULUS%GOBP%GO:0071363	Details	283	0.58895325318925	1.73466279650136	2.3914469560812e-06	0.000278574348245995	0	1355	FGF17,FGF4,WNT5A,HAS2,BMP2,TGFB1,FOXC1,BMP4,PDGFRA,WNT4,BAMBI,FGFR3,SMAD6,FOXH1,NRP1,PGF,FERMT2,PRKD1,AKT1,CHRD,MAPK7,FLRT3,FLRT2,FURIN,SNAI2,HDAC1,SRC,FGF3,ANKRD1,PDPK1,ID1,DAB2IP,HTRA2,MTSS2,ZFYVE27,AMHR2,FGF8,ACVR1B,MAPKAPK2,APPL2,ACVR2A,ZMIZ1,FNTA
CELLULAR RESPONSE TO RETINOIC ACID%GOBP%GO:0071300	CELLULAR RESPONSE TO RETINOIC ACID%GOBP%GO:0071300	Details	39	0.779409928285132	1.78109714224015	0.000450419236366156	0.0156317626784779	0	1154	WNT3,WNT5A,WNT3A,RET,PTK7,WNT5B,WNT9B,HTRA2,FZD10
CLASS B 2 (SECRETIN FAMILY RECEPTORS)%REACTOME DATABASE ID RELEASE 81%373080	CLASS B 2 (SECRETIN FAMILY RECEPTORS)%REACTOME DATABASE ID RELEASE 81%373080	Details	65	0.732440256689656	1.81392238030471	0.000239680360755	0.0104260956928425	0	1174	WNT3,WNT5A,CALCR,WNT8A,WNT3A,PTCH1,WNT4,GNAS,WNT9B,PTH1R,FZD1,FZD10,GNB2,FZD8
COLLAGEN BIOSYNTHESIS AND MODIFYING ENZYMES%REACTOME DATABASE ID RELEASE 81%1650814	COLLAGEN BIOSYNTHESIS AND MODIFYING ENZYMES%REACTOME DATABASE ID RELEASE 81%1650814	Details	66	0.681775188655054	1.69229308824555	0.0013118129587194	0.033459132935048	0	2059	COL13A1,P3H2,COL6A1,COL5A1,COL9A2,ADAMTS3,COL6A2,COLGALT1,COL5A2,COL4A5,BMP1,PLOD1,COL4A6,COL5A3,COL1A2,P4HB
COLLAGEN FORMATION%REACTOME%R-HSA-1474290.5	COLLAGEN FORMATION%REACTOME%R-HSA-1474290.5	Details	84	0.64777990319627	1.66412621663247	0.00139821483733559	0.0349608757162139	0	2059	COL13A1,P3H2,CTSB,COL6A1,COL5A1,COL9A2,ADAMTS3,LOX,COL6A2,COLGALT1,COL5A2,COL4A5,BMP1,CD151,PLOD1,COL4A6,COL5A3,COL1A2,P4HB
COLUMNAR/CUBOIDAL EPITHELIAL CELL DIFFERENTIATION%GOBP%GO:0002065	COLUMNAR/CUBOIDAL EPITHELIAL CELL DIFFERENTIATION%GOBP%GO:0002065	Details	26	0.855915860260677	1.82251173684014	0.000244739933233068	0.0105023197024541	0	531	GATA6,GATA4,BMP2,TGFB1,CDH2,DLL1,BMP4,CDX2,CDK6,SRC
CONNECTIVE TISSUE DEVELOPMENT%GOBP%GO:0061448	CONNECTIVE TISSUE DEVELOPMENT%GOBP%GO:0061448	Details	77	0.666057789810532	1.69145792656137	0.000818290427638577	0.0227936952014588	0	827	CER1,FGF4,BMP2,TGFB1,BMP4,FGFR3,TRPV4,ZNF516,WNT5B,RUNX1,TSKU
CORONARY VASCULATURE DEVELOPMENT%GOBP%GO:0060976	CORONARY VASCULATURE DEVELOPMENT%GOBP%GO:0060976	Details	18	0.921805881753639	1.84560575462317	3.19940466475948e-05	0.00205246656827146	0	269	GATA6,MESP1,APLNR,BMP4,NRP1
CRANIAL SKELETAL SYSTEM DEVELOPMENT%GOBP%GO:1904888	CRANIAL SKELETAL SYSTEM DEVELOPMENT%GOBP%GO:1904888	Details	23	0.828444257796307	1.72685160567473	0.00125502008032129	0.0322915236657057	0	487	LHX1,MSX2,PDGFRA,HOXA1,IRX5,TWIST1,FREM1
DETERMINATION OF BILATERAL SYMMETRY%GOBP%GO:0009855	DETERMINATION OF BILATERAL SYMMETRY%GOBP%GO:0009855	Details	74	0.74974557880474	1.8940044776005	1.97129235589361e-05	0.00156495971903504	0	1272	CER1,MESP1,GATA4,APLNR,TBX6,DLL1,NODAL,SOX17,HAND1,ZIC3,FOXH1,ODAD2,DVL2,CFC1,CFC1B,STIL,FOLR1,CITED2,BBS5
DETERMINATION OF HEART LEFT/RIGHT ASYMMETRY%GOBP%GO:0061371	DETERMINATION OF HEART LEFT/RIGHT ASYMMETRY%GOBP%GO:0061371	Details	41	0.850503032850076	1.95990373160345	2.55331631687823e-06	0.00028957342729453	0	1422	CER1,MESP1,GATA4,APLNR,TBX6,DLL1,SOX17,HAND1,ZIC3,FOXH1,DVL2,STIL,FOLR1,BBS5,SMO
DETERMINATION OF LEFT/RIGHT SYMMETRY%GOBP%GO:0007368	DETERMINATION OF LEFT/RIGHT SYMMETRY%GOBP%GO:0007368	Details	71	0.75275679335552	1.88891075010908	9.51547248634684e-06	0.000816658996767416	0	1272	CER1,MESP1,GATA4,APLNR,TBX6,DLL1,NODAL,SOX17,HAND1,ZIC3,FOXH1,ODAD2,DVL2,CFC1,CFC1B,STIL,FOLR1,CITED2,BBS5
DEVELOPMENT OF PRIMARY MALE SEXUAL CHARACTERISTICS%GOBP%GO:0046546	DEVELOPMENT OF PRIMARY MALE SEXUAL CHARACTERISTICS%GOBP%GO:0046546	Details	38	0.745736756059156	1.69738437275114	0.0022898379766159	0.0473286546322758	0	770	GATA6,WNT5A,GATA4,FSHR,WNT4,MAMLD1,NR0B1,GATA3,AMH
DEVELOPMENT OF PRIMARY SEXUAL CHARACTERISTICS%GOBP%GO:0045137	DEVELOPMENT OF PRIMARY SEXUAL CHARACTERISTICS%GOBP%GO:0045137	Details	65	0.739924341442352	1.83245706447181	0.00013615273212426	0.00660080917344411	0	770	GATA6,WNT5A,GATA4,FSHR,PDGFRA,WNT4,SLIT2,SLIT3,INHBB,MAMLD1,SALL1,IRX5,NR0B1,GATA3,AMH
DEVELOPMENT OF URETERIC COLLECTION SYSTEM%WIKIPATHWAYS_20240310%WP5053%HOMO SAPIENS	DEVELOPMENT OF URETERIC COLLECTION SYSTEM%WIKIPATHWAYS_20240310%WP5053%HOMO SAPIENS	Details	46	0.769738973815696	1.80735563880646	0.000193605161556483	0.00878275986460875	0	1001	LHX1,BMP2,BMPER,FST,FOXC1,BMP4,GREB1L,RET,SLIT2,SALL1,FREM1,GATA3,CTDNEP1,CCND1
DIGESTIVE SYSTEM DEVELOPMENT%GOBP%GO:0055123	DIGESTIVE SYSTEM DEVELOPMENT%GOBP%GO:0055123	Details	52	0.782795109802498	1.87496909273282	0.00010027508355676	0.00501454374542506	0	1103	MIXL1,GATA6,GATA4,EPHB3,DACT1,SOX17,ZIC3,PDGFRA,RET,CDX2,SALL1,SRC,FOXF1,STRA6,PKDCC,ID2
DIGESTIVE TRACT DEVELOPMENT%GOBP%GO:0048565	DIGESTIVE TRACT DEVELOPMENT%GOBP%GO:0048565	Details	51	0.783186464102827	1.86976579670337	8.80546633101695e-05	0.00462177823704865	0	1103	MIXL1,GATA6,GATA4,EPHB3,DACT1,SOX17,ZIC3,PDGFRA,RET,CDX2,SALL1,SRC,FOXF1,STRA6,PKDCC,ID2
DIGESTIVE TRACT MORPHOGENESIS%GOBP%GO:0048546	DIGESTIVE TRACT MORPHOGENESIS%GOBP%GO:0048546	Details	19	0.863472125506798	1.74417067085346	0.000775179823691659	0.0216879606179107	0	1103	GATA4,EPHB3,DACT1,SOX17,PDGFRA,FOXF1,STRA6,ID2
DOPAMINERGIC NEURON DIFFERENTIATION%GOBP%GO:0071542	DOPAMINERGIC NEURON DIFFERENTIATION%GOBP%GO:0071542	Details	20	0.836703190642235	1.70579743261557	0.00211970970755192	0.0456705609711074	0	1811	WNT3,WNT5A,WNT3A,FOXA2,OTX2,WNT9B,FZD1,FGF8,CSNK1D,RYK
DORSAL/VENTRAL PATTERN FORMATION%GOBP%GO:0009953	DORSAL/VENTRAL PATTERN FORMATION%GOBP%GO:0009953	Details	31	0.826534972704899	1.81603476415155	0.000333483856787998	0.013073802311485	0	1299	CER1,LHX1,WNT8A,PTCH1,SMAD6,CHRD,FGF8,BMP1
ECM PROTEOGLYCANS%REACTOME%R-HSA-3000178.6	ECM PROTEOGLYCANS%REACTOME%R-HSA-3000178.6	Details	49	0.730992491573689	1.73430007078575	0.000900854962351061	0.0245550638021098	0	894	HAPLN1,TGFB1,ITGA9,MATN3,COL9A2,NCAN,ITGA8,NCAM1,TNC,TNR
ELASTIC FIBRE FORMATION%REACTOME DATABASE ID RELEASE 81%1566948	ELASTIC FIBRE FORMATION%REACTOME DATABASE ID RELEASE 81%1566948	Details	40	0.847063355139264	1.94345697271975	2.41246876925362e-06	0.000278574348245995	0	1270	ITGA5,BMP2,TGFB1,EFEMP2,BMP4,FBN2,ITGA8,FURIN,LOX,MFAP4,MFAP3
EMBRYONIC HEART TUBE DEVELOPMENT%GOBP%GO:0035050	EMBRYONIC HEART TUBE DEVELOPMENT%GOBP%GO:0035050	Details	48	0.796670910580925	1.88365048812376	2.39976660327413e-05	0.00176827119860757	0	1855	MESP1,GATA4,APLNR,TBX6,DLL1,SOX17,HAND1,ZIC3,FOXH1,DVL2,STIL,FOLR1,CITED2,FGF8,BBS5,SMO,DVL1,MICAL2,HES1
EMBRYONIC HEART TUBE MORPHOGENESIS%GOBP%GO:0003143	EMBRYONIC HEART TUBE MORPHOGENESIS%GOBP%GO:0003143	Details	42	0.817077509089617	1.89023081608247	7.88240568188828e-05	0.00431561711083384	0	1855	MESP1,GATA4,APLNR,TBX6,DLL1,SOX17,HAND1,ZIC3,FOXH1,DVL2,STIL,FOLR1,BBS5,SMO,DVL1,MICAL2,HES1
EMBRYONIC PATTERN SPECIFICATION%GOBP%GO:0009880	EMBRYONIC PATTERN SPECIFICATION%GOBP%GO:0009880	Details	34	0.844848271780457	1.88812389366992	3.29315649293487e-05	0.00209148368866293	0	1026	TBXT,LHX1,MESP1,MESP2,TBX3,MEIS2,MEIS1,PTCH1,MEIS3,SMAD6,STIL,RIPPLY2
EMBRYONIC SKELETAL SYSTEM DEVELOPMENT%GOBP%GO:0048706	EMBRYONIC SKELETAL SYSTEM DEVELOPMENT%GOBP%GO:0048706	Details	44	0.755486903698407	1.76115798489265	0.000635095006780068	0.0182510786790055	0	820	LHX1,WNT5A,PDGFRA,HOXA1,IRX5,TWIST1,FUZ
EMBRYONIC STEM CELL PLURIPOTENCY PATHWAYS%WIKIPATHWAYS_20240310%WP3931%HOMO SAPIENS	EMBRYONIC STEM CELL PLURIPOTENCY PATHWAYS%WIKIPATHWAYS_20240310%WP3931%HOMO SAPIENS	Details	78	0.651312164460434	1.65674509852477	0.00161775279430028	0.0392150686893171	0	1974	WNT3,WNT3A,BMP4,PDGFRA,WNT4,FGFR3,SMAD6,MAPK7,WNT5B,DVL2,WNT9B,HRAS,FZD1,FGF8,FZD8,SELENOP,MAP2K2,EGF,DVL1,FZD2,BMPR2,WNT11,SMAD9,IL6ST
ENDOCARDIAL CUSHION DEVELOPMENT%GOBP%GO:0003197	ENDOCARDIAL CUSHION DEVELOPMENT%GOBP%GO:0003197	Details	40	0.762909857946211	1.75037967819825	0.000899467238635577	0.0245550638021098	0	724	GATA4,APLNR,BMP2,SNAI1,TBX3,DKK1,BMP4,SNAI2,FOXF1,DCHS1
ENDOCHONDRAL BONE MORPHOGENESIS%GOBP%GO:0060350	ENDOCHONDRAL BONE MORPHOGENESIS%GOBP%GO:0060350	Details	16	0.878777637586799	1.72270460409781	0.00124970568525528	0.0322915236657057	0	827	CER1,COL13A1,FOXC1,BMP4,FGFR3,INPPL1,TRPV4,TSKU
ENDODERM DEVELOPMENT%GOBP%GO:0007492	ENDODERM DEVELOPMENT%GOBP%GO:0007492	Details	50	0.73454226756835	1.74821860085618	0.000611413043478261	0.01822008779531	0	598	EOMES,MIXL1,LHX1,GATA4,ITGA5,NODAL,SOX17,COL6A1,DUSP4
ENZYME-LINKED RECEPTOR PROTEIN SIGNALING PATHWAY%GOBP%GO:0007167	ENZYME-LINKED RECEPTOR PROTEIN SIGNALING PATHWAY%GOBP%GO:0007167	Details	431	0.484417513147851	1.47753650729122	0.00048092979760871	0.0161607679609149	0	2130	FGF17,FGF4,BMP2,EPHB3,TGFB1,ZAP70,NODAL,FOXC1,MTCL2,BMP4,PDGFRA,BAMBI,FGFR3,SMAD6,EPHA2,FOXH1,EFNB1,NRP1,RET,PGF,FERMT2,EPHA4,INHBB,PRKD1,AKT1,CHRD,FLRT3,ANGPT2,FLRT2,EFS,BCAR3,FURIN,FOXC2,EFNA2,SRC,CHRNA3,HIPK2,CFC1,FGF3,PDPK1,ID1,DAB2IP,CFC1B,BDKRB2,PIK3R1,PIK3CB,ZFYVE27,ATOH8,LIFR,AMHR2,SHC2,PLCE1,CITED2,FGF8,ACVR1B,TRIO,MAPKAPK2,APPL2,ACVR2A,TGFA,ZMIZ1,FNTA,EGF,GHR,MMP2,TIAM1,CDK5R1,WFIKKN2,COL4A6,BMPR2,PDK2,VEGFB,FIBP,FGF10,FMOD,COL1A2,SMAD9,IL6ST,KALRN,PTPN1,FER,NPR2,DOK6,STAT6
EPITHELIAL CELL DIFFERENTIATION%GOBP%GO:0030855	EPITHELIAL CELL DIFFERENTIATION%GOBP%GO:0030855	Details	269	0.528507507938601	1.54972410107582	0.000442844490157424	0.0154533261373066	0	2151	GATA6,WNT5A,MESP1,GATA4,BMP2,TGFB1,CDH2,DLL1,FOXB1,SOX17,KDM6B,CTSB,BMP4,EPHA2,NRP1,CDX2,DSP,CPT1A,CDK6,SALL1,AKT1,CASP6,TMEM132E,WNT5B,HDAC1,SRC,KRT19,GATA3,PDE4D,CFLAR,TOLLIP,F2RL1,GSTK1,ID2,TST,FGF8,TAGLN,RAP2B,SMO,RILPL1,RAP2A,RAB1B,BMPR2,NPY,GATA5,TXNIP,FSTL1,WNT11,PIP5K1A,IL6ST,DNPH1,SH3BP1,ACADVL,PAX2,ZNF703,PITX2,CBR1
EPITHELIAL TO MESENCHYMAL TRANSITION IN COLORECTAL CANCER%WIKIPATHWAYS_20240310%WP4239%HOMO SAPIENS	EPITHELIAL TO MESENCHYMAL TRANSITION IN COLORECTAL CANCER%WIKIPATHWAYS_20240310%WP4239%HOMO SAPIENS	Details	117	0.645534826500155	1.73161055719057	0.000198532085823539	0.00888936374307859	0	1905	WNT3,DLL3,WNT8A,ZEB2,SNAI1,WNT3A,TGFB1,CDH2,WNT4,CTDSP1,WNT5B,SNAI2,TWIST1,FOXC2,WNT9B,HRAS,ID1,FZD1,PIK3R1,COL4A5,ID2,FZD10,FZD8,MAP2K2,MMP2,FZD2,COL4A6,RBBP4,WNT11,CLDN11
EPITHELIAL TO MESENCHYMAL TRANSITION%GOBP%GO:0001837	EPITHELIAL TO MESENCHYMAL TRANSITION%GOBP%GO:0001837	Details	69	0.789242495008253	1.97295344061987	8.22778850927677e-07	0.000127450450786382	0	466	EOMES,WNT5A,GSC,HAS2,BMP2,WNT8A,SNAI1,LEF1,TBX3,TGFB1,BMP4,WNT4,NCAM1,SNAI2
EPITHELIAL TUBE MORPHOGENESIS%GOBP%GO:0060562	EPITHELIAL TUBE MORPHOGENESIS%GOBP%GO:0060562	Details	133	0.697612054267221	1.89951604326331	1.28006556279749e-06	0.000184765827030156	0	1887	LHX1,MESP1,GATA4,APLNR,DLC1,TBX6,BMP2,TGFB1,DLL1,SOX17,HAND1,ZIC3,BMP4,EPHA2,FOXH1,NRP1,SLIT2,RHOB,SALL1,PERP,DVL2,GATA3,FUZ,STIL,FOLR1,SEMA4C,BBS5,SMO,DVL1,CCM2,SEMA3E,MICAL2,HES1,FGF10,WNT11
EUKARYOTIC TRANSLATION ELONGATION%REACTOME%R-HSA-156842.4	EUKARYOTIC TRANSLATION ELONGATION%REACTOME%R-HSA-156842.4	Details	91	0.669365499968692	1.73859227207988	0.000290289805989646	0.0118414428748112	0	3411	EEF1D,RPL31,RPLP2,FAU,RPS18,RPS3,RPL13,RPLP1,RPL18,RPS15,RPS19,RPL39,RPL7A,RPS10,RPL29,RPS14,RPL37A,RPS28,RPL8,RPS12,UBA52,RPL13A,RPS8,RPLP0,EEF1G,RPSA,RPS23,RPS21,RPL36,RPS29,RPL18A,RPS9,RPL41,RPS2,RPL4,RPS16,RPL14,RPL32,RPS27A,RPL10A,RPL27,RPL19,RPL23A,RPS6,RPS7,RPL35A,RPL10,RPS3A,RPS13,RPL24,RPL37,RPL27A,RPL6,RPS15A,RPL3,RPL17,RPS5
EXTERNAL ENCAPSULATING STRUCTURE ORGANIZATION%GOBP%GO:0045229	EXTERNAL ENCAPSULATING STRUCTURE ORGANIZATION%GOBP%GO:0045229	Details	171	0.57185903126937	1.60356125073991	0.000634690361773506	0.0182510786790055	0	1922	COL13A1,HAS2,TGFB1,ADAMTS9,EFEMP2,COL5A1,NTN4,MATN3,COL9A2,CYP1B1,ADAMTS15,FLRT2,FURIN,PRSS2,ADAMTS3,LOX,COLGALT1,COL5A2,MFAP4,COL4A5,MMP14,BMP1,GSN,MMP2,COL4A6,SLC39A8,CAPG,COL5A3,COL1A2
EXTRACELLULAR MATRIX ORGANIZATION%GOBP%GO:0030198	EXTRACELLULAR MATRIX ORGANIZATION%GOBP%GO:0030198	Details	170	0.572367502904671	1.60410020705242	0.0006196723293634	0.01822008779531	0	1922	COL13A1,HAS2,TGFB1,ADAMTS9,EFEMP2,COL5A1,NTN4,MATN3,COL9A2,CYP1B1,ADAMTS15,FLRT2,FURIN,PRSS2,ADAMTS3,LOX,COLGALT1,COL5A2,MFAP4,COL4A5,MMP14,BMP1,GSN,MMP2,COL4A6,SLC39A8,CAPG,COL5A3,COL1A2
EXTRACELLULAR MATRIX ORGANIZATION%REACTOME%R-HSA-1474244.4	EXTRACELLULAR MATRIX ORGANIZATION%REACTOME%R-HSA-1474244.4	Details	266	0.590713337278996	1.73027645069543	3.12635519356541e-06	0.000330924697238899	0	1956	ITGA5,COL13A1,BMP2,P3H2,HAPLN1,TGFB1,ADAMTS9,EFEMP2,ITGA9,CTSB,COL6A1,BMP4,FBN2,COL5A1,NTN4,MATN3,COL9A2,NCAN,ITGA8,NCAM1,SH3PXD2A,FURIN,PRSS2,ADAMTS3,LOX,NCSTN,COL6A2,COLGALT1,TNC,COL5A2,TNR,MFAP4,CAPNS1,COL4A5,MMP14,FN1,DMD,CAPN2,MFAP3,BMP1,ADAM12,CD151,MMP2,PLOD1,COL4A6,JAM3,SDC4,FMOD,COL5A3,COL1A2,LRP4
EXTRACELLULAR STRUCTURE ORGANIZATION%GOBP%GO:0043062	EXTRACELLULAR STRUCTURE ORGANIZATION%GOBP%GO:0043062	Details	170	0.572367502904671	1.60410020705242	0.0006196723293634	0.01822008779531	0	1922	COL13A1,HAS2,TGFB1,ADAMTS9,EFEMP2,COL5A1,NTN4,MATN3,COL9A2,CYP1B1,ADAMTS15,FLRT2,FURIN,PRSS2,ADAMTS3,LOX,COLGALT1,COL5A2,MFAP4,COL4A5,MMP14,BMP1,GSN,MMP2,COL4A6,SLC39A8,CAPG,COL5A3,COL1A2
EYE DEVELOPMENT%GOBP%GO:0001654	EYE DEVELOPMENT%GOBP%GO:0001654	Details	159	0.641286495755559	1.78425149987926	1.51262134431785e-05	0.00128088775436835	0	920	LHX1,WNT5A,PTPRM,MEIS2,DLL1,FOXC1,MEIS1,PDGFRA,FBN2,MEIS3,EPHA2,COL5A1,NRP1,NKD1,SAMD11,CYP1B1,SMARCD3,WNT5B,HDAC1,TWIST1,GDF3,PBX2,WNT9B,HIPK2,TSPAN12,TSKU,STRA6,COL5A2,DRD2
EYE MORPHOGENESIS%GOBP%GO:0048592	EYE MORPHOGENESIS%GOBP%GO:0048592	Details	71	0.702842600453008	1.76365986378191	0.00024727176815799	0.0105397516749758	0	1144	LHX1,WNT5A,PTPRM,DLL1,FBN2,EPHA2,COL5A1,NKD1,SAMD11,TWIST1,TSPAN12,TSKU,STRA6,COL5A2,SDK2
FEMALE SEX DIFFERENTIATION%GOBP%GO:0046660	FEMALE SEX DIFFERENTIATION%GOBP%GO:0046660	Details	32	0.851389616129502	1.88242220624635	6.65172446368655e-05	0.00373850460786489	0	873	LHX1,TBX3,FSHR,PDGFRA,SLIT2,SLIT3,INHBB,AMH,STRA6
FOREBRAIN DEVELOPMENT%GOBP%GO:0030900	FOREBRAIN DEVELOPMENT%GOBP%GO:0030900	Details	145	0.593098085371543	1.632299127869	0.000616475302458195	0.01822008779531	0	1855	LHX1,WNT5A,DLC1,BMP2,EPHB3,WNT3A,FOXB1,CNTNAP2,BMP4,SLIT2,SLIT3,CDK6,SALL1,ZSWIM6,OTX2,NR0B1,FXR2,DAB2IP,TSKU,STIL,DRD2,PLXNA3,SZT2,ID2,ZMIZ1,SMO,RELN,HOOK3,NPY,SEMA3E,RYK,HES1
FORMATION OF A POOL OF FREE 40S SUBUNITS%REACTOME%R-HSA-72689.3	FORMATION OF A POOL OF FREE 40S SUBUNITS%REACTOME%R-HSA-72689.3	Details	99	0.623014129698419	1.63616933113509	0.00136244149515933	0.0343249984461601	0	3411	EIF3K,EIF3F,RPL31,RPLP2,FAU,RPS18,RPS3,RPL13,RPLP1,RPL18,RPS15,RPS19,RPL39,RPL7A,RPS10,RPL29,RPS14,RPL37A,RPS28,RPL8,RPS12,UBA52,RPL13A,RPS8,RPLP0,RPSA,RPS23,RPS21,RPL36,RPS29,RPL18A,RPS9,RPL41,RPS2,RPL4,RPS16,RPL14,RPL32,RPS27A,RPL10A,RPL27,RPL19,RPL23A,RPS6,RPS7,RPL35A,EIF3L,RPL10,RPS3A,EIF3I,RPS13,RPL24,RPL37,RPL27A,RPL6,RPS15A,RPL3,RPL17,RPS5
FORMATION OF DEFINITIVE ENDODERM%REACTOME%R-HSA-9823730.2	FORMATION OF DEFINITIVE ENDODERM%REACTOME%R-HSA-9823730.2	Details	15	0.959583142820675	1.86039823033911	2.77830740411283e-06	0.000304224660750355	0	385	EOMES,MIXL1,TBXT,GATA6,GSC,GATA4,SOX17,FOXA2,CXCR4
FORMATION OF FIBRIN CLOT (CLOTTING CASCADE)%REACTOME DATABASE ID RELEASE 81%140877	FORMATION OF FIBRIN CLOT (CLOTTING CASCADE)%REACTOME DATABASE ID RELEASE 81%140877	Details	28	0.789329535686884	1.70216383853798	0.00216738616781254	0.0456705609711074	0	2532	SERPINE2,CD177,PRCP,PROS1,VWF,F3
FORMATION OF PARAXIAL MESODERM%REACTOME%R-HSA-9793380.5	FORMATION OF PARAXIAL MESODERM%REACTOME%R-HSA-9793380.5	Details	69	0.771936646521242	1.92969216980483	4.34635448818914e-06	0.000431307771163894	0	1162	TBXT,DLL3,MESP2,TBX6,LEF1,WNT3A,DLL1,MAML3,BMP4,PSMD9,MSGN1,EPHA4,MAMLD1,LFNG,PSMC3,RIPPLY2,HES7
FORMATION OF PRIMARY GERM LAYER%GOBP%GO:0001704	FORMATION OF PRIMARY GERM LAYER%GOBP%GO:0001704	Details	69	0.780527461328063	1.95116754364499	2.02116083072602e-06	0.000261967192570223	0	598	EOMES,MIXL1,TBXT,LHX1,MESP1,ITGA5,MESP2,SNAI1,NODAL,SOX17,KDM6B,COL6A1,BMP4,MSGN1,ITGA8,AHDC1,DUSP4
GDNF RET SIGNALING AXIS%WIKIPATHWAYS_20240310%WP4830%HOMO SAPIENS	GDNF RET SIGNALING AXIS%WIKIPATHWAYS_20240310%WP4830%HOMO SAPIENS	Details	21	0.870230708647489	1.7879100368967	0.000287232514720666	0.0118414428748112	0	603	LHX1,FOXC1,SOX17,BMP4,RET,SLIT2,SALL1,FOXC2,GATA3
GLAND DEVELOPMENT%GOBP%GO:0048732	GLAND DEVELOPMENT%GOBP%GO:0048732	Details	108	0.654560657936446	1.73913791683757	9.24366255272204e-05	0.00477288624978355	0	1128	WNT3,GATA6,BMP2,EPHB3,TBX3,TGFB1,FOXB1,ZIC3,WNT4,EPHA2,SALL1,AKT1,IGSF3,PERP,DKK3,PHF2,NR0B1,STRA6,DRD2,ID2,CITED2
GONAD DEVELOPMENT%GOBP%GO:0008406	GONAD DEVELOPMENT%GOBP%GO:0008406	Details	63	0.740697290330154	1.82711449858487	0.000147540725820848	0.0069409714791719	0	770	GATA6,WNT5A,GATA4,FSHR,PDGFRA,WNT4,SLIT2,SLIT3,INHBB,MAMLD1,SALL1,IRX5,NR0B1,GATA3,AMH
GPCR LIGAND BINDING%REACTOME DATABASE ID RELEASE 81%500792	GPCR LIGAND BINDING%REACTOME DATABASE ID RELEASE 81%500792	Details	246	0.591569005265972	1.72065735714403	5.64074220828102e-06	0.000526828731835188	0	1174	NTS,WNT3,WNT5A,APLNR,CALCR,WNT8A,WNT3A,FSHR,GPR55,PTCH1,WNT4,KEL,GABBR2,ADRA2C,GAL,TACR1,GNAS,CXCR4,WNT9B,S1PR3,PTH1R,TRH,BDKRB2,CMKLR1,FZD1,DRD2,F2RL1,PTGIR,GRPR,FZD10,GNB2,FZD8
HALLMARK_EPITHELIAL_MESENCHYMAL_TRANSITION%MSIGDBHALLMARK%HALLMARK_EPITHELIAL_MESENCHYMAL_TRANSITION	HALLMARK_EPITHELIAL_MESENCHYMAL_TRANSITION%MSIGDBHALLMARK%HALLMARK_EPITHELIAL_MESENCHYMAL_TRANSITION	Details	149	0.568827494257908	1.57034167151582	0.00152127479754752	0.0373035376031826	0	2010	TNFRSF11B,DKK1,TGFB1,CDH11,CDH2,MSX1,SERPINE2,FBN2,MATN3,FERMT2,SLIT2,SLIT3,CRLF1,RHOB,SNAI2,CADM1,PRSS2,FOXC2,LOX,COLGALT1,WIPF1,COL5A2,COPA,MMP14,ID2,FZD8,BMP1,ADAM12,GPX7,MMP2,PLOD1,FSTL1,SDC4,COL5A3,COL1A2,GADD45A,TIMP3
HALLMARK_IL2_STAT5_SIGNALING%MSIGDBHALLMARK%HALLMARK_IL2_STAT5_SIGNALING	HALLMARK_IL2_STAT5_SIGNALING%MSIGDBHALLMARK%HALLMARK_IL2_STAT5_SIGNALING	Details	148	0.561464771578564	1.54895468292212	0.00235181997048696	0.0478731045915472	0	1735	WLS,CD48,BMP2,COCH,AHNAK,TTC39B,COL6A1,PTCH1,GLIPR2,NRP1,TNFRSF9,PLAGL1,RHOB,FURIN,HIPK2,PTH1R,TWSG1,NCS1,DENND5A,CKAP4,PLSCR1,ENPP1,SERPINB6,MAPKAPK2,GPX4,TIAM1,P2RX4,BMPR2,SLC39A8
HALLMARK_XENOBIOTIC_METABOLISM%MSIGDBHALLMARK%HALLMARK_XENOBIOTIC_METABOLISM	HALLMARK_XENOBIOTIC_METABOLISM%MSIGDBHALLMARK%HALLMARK_XENOBIOTIC_METABOLISM	Details	118	0.589613290663593	1.58325049429311	0.00234804670879493	0.0478731045915472	0	2171	GAD1,CYP26A1,CDA,SLC46A3,EPHA2,ACOX3,PINK1,CASP6,MAN1A1,ACP2,SMOX,ALDH2,CYP27A1,PMM1,DDT,LPIN2,ATOH8,ID2,PTGR1,PROS1,PTS,ASL,DHPS,SLC35B1,ABHD6,SLC35D1,GSTT2,PC
HEAD DEVELOPMENT%GOBP%GO:0060322	HEAD DEVELOPMENT%GOBP%GO:0060322	Details	364	0.528090935371556	1.58945889289912	3.84325231602408e-05	0.0023697568406863	0	1870	EOMES,WNT3,LHX1,WNT5A,DLC1,MACROH2A2,BMP2,EPHB3,WNT3A,MEIS2,CDH2,DLL1,FOXB1,MSX1,FOXC1,MEIS1,CNTNAP2,PTCH1,BMP4,MEIS3,NCOA6,SLIT2,SLIT3,CXCR4,CDK6,SALL1,ATXN1,FLRT3,DLX2,ZSWIM6,PBX2,OTX2,NR0B1,WNT9B,UFC1,FXR2,AMIGO2,DAB2IP,TSKU,FZD1,STRA6,PITPNM1,STIL,DRD2,PLXNA3,PHF8,CALM3,SZT2,ID2,SEMA4C,ZMIZ1,BAG6,SDF4,POMK,SMO,RELN,CDK5RAP3,HOOK3,CDK5R1,DMBX1,CSNK1D,SMG9,NPY,SEMA3E,CNP,RYK,RBBP4,HES1,POU6F1
HEART DEVELOPMENT%WIKIPATHWAYS_20240310%WP1591%HOMO SAPIENS	HEART DEVELOPMENT%WIKIPATHWAYS_20240310%WP1591%HOMO SAPIENS	Details	38	0.860442832516392	1.95846886410303	1.94444516932024e-06	0.000257274401465685	0	510	GATA6,GATA4,BMP2,FOXC1,HAND1,BMP4,NFATC1,FOXH1,FOXA2,FOXC2
HEART LOOPING%GOBP%GO:0001947	HEART LOOPING%GOBP%GO:0001947	Details	38	0.835004087770601	1.90056729569692	2.42228931316106e-05	0.00176827119860757	0	1591	MESP1,GATA4,APLNR,TBX6,DLL1,SOX17,HAND1,ZIC3,FOXH1,DVL2,STIL,FOLR1,BBS5,SMO,DVL1
HEART VALVE DEVELOPMENT%GOBP%GO:0003170	HEART VALVE DEVELOPMENT%GOBP%GO:0003170	Details	65	0.770295086014442	1.90767162672815	1.56129395927123e-05	0.00128776336822488	0	873	GATA4,APLNR,BMP2,SNAI1,DKK1,TGFB1,ADAMTS9,CDH11,BMP4,NFATC1,SMAD6,SLIT2,SLIT3,SNAI2,TWIST1,AXIN2,GATA3,DCHS1,STRA6
HEART VALVE MORPHOGENESIS%GOBP%GO:0003179	HEART VALVE MORPHOGENESIS%GOBP%GO:0003179	Details	55	0.793958765934655	1.91892674259218	9.47897687716103e-06	0.000816658996767416	0	873	GATA4,BMP2,SNAI1,TGFB1,ADAMTS9,CDH11,BMP4,NFATC1,SMAD6,SLIT2,SLIT3,SNAI2,TWIST1,AXIN2,GATA3,DCHS1,STRA6
HEMATOPOIETIC PROGENITOR CELL DIFFERENTIATION%GOBP%GO:0002244	HEMATOPOIETIC PROGENITOR CELL DIFFERENTIATION%GOBP%GO:0002244	Details	26	0.804851210618917	1.71377917604685	0.00171281758492721	0.0412049412192147	0	1533	MIXL1,TGFB1,FST,BMP4,LMBR1L
HEMOPOIESIS%GOBP%GO:0030097	HEMOPOIESIS%GOBP%GO:0030097	Details	313	0.517466900432235	1.53821951853865	0.000364104862200314	0.013683017632155	0	1541	EOMES,MIXL1,WNT5A,CD1D,BMP2,TCF7,LEF1,TGFB1,ZAP70,FST,DLL1,MEIS1,BMP4,EPHA2,NCOA6,DMTN,PINK1,SH3PXD2A,EFNA2,SRC,IFI16,RUNX1,GATA3,HIPK2,HHEX,PDE1B,CFLAR,PIK3R1,LFNG,BMI1,HDAC5,F2RL1,ADGRG3,TMEM98,ID2,THOC5,TET2,ABCB10,ATP6AP1,TRPM2,RPS19,GAB2,ZFPM1,CLCF1,RPS14,JAGN1,EPOR,LMBR1L,CDK5RAP3
INTEGRIN SIGNALLING PATHWAY%PANTHER PATHWAY%P00034	INTEGRIN SIGNALLING PATHWAY%PANTHER PATHWAY%P00034	Details	158	0.597723580690064	1.66159615867919	0.000259177948530309	0.0109735943407733	0	2394	ITGA5,COL13A1,MAPK10,ITGA9,COL6A1,COL5A1,RHOC,NTN4,COL9A2,MAP3K4,ITGA8,RHOB,ARPC1A,ELMO1,SRC,ARHGAP10,HRAS,COL6A2,COL5A2,PIK3R1,PIK3CB,COL4A5,ARF1,FN1,CSK,RAP2B,MAP2K2,MAP3K3,ELMO2,RAP2A,COL4A6,ARPC3,COL5A3,COL1A2,PARVA,SOS2,ILK,LAMB1,ARAF,PIK3C3,TLN1
KIDNEY DEVELOPMENT%GOBP%GO:0001822	KIDNEY DEVELOPMENT%GOBP%GO:0001822	Details	128	0.6508946382586	1.7643517835768	8.21616502291364e-05	0.00442210712377326	0	1168	CER1,LHX1,HAS2,BMP2,DLL1,FOXC1,SOX17,KANK2,PTCH1,BMP4,PDGFRA,WNT4,GREB1L,RET,SLIT2,ITGA8,SALL1,ANGPT2,GATA3,STRA6,PLCE1,FGF8,PYGO1
KIDNEY DEVELOPMENT%REACTOME DATABASE ID RELEASE 81%9830369	KIDNEY DEVELOPMENT%REACTOME DATABASE ID RELEASE 81%9830369	Details	38	0.795060139161628	1.80965018103955	0.000242861603580474	0.0104926125465278	0	1078	LHX1,PCDH19,DLL1,FOXC1,BMP4,WNT4,RET,SLIT2,ITGA8,SALL1,FOXC2,GATA3,WNT9B,LFNG,IRX1,WFDC2
LEFT/RIGHT PATTERN FORMATION%GOBP%GO:0060972	LEFT/RIGHT PATTERN FORMATION%GOBP%GO:0060972	Details	72	0.749297942437525	1.88399350399098	1.91085424607609e-05	0.00155587632267042	0	1272	CER1,MESP1,GATA4,APLNR,TBX6,DLL1,NODAL,SOX17,HAND1,ZIC3,FOXH1,ODAD2,DVL2,CFC1,CFC1B,STIL,FOLR1,CITED2,BBS5
LENS DEVELOPMENT IN CAMERA-TYPE EYE%GOBP%GO:0002088	LENS DEVELOPMENT IN CAMERA-TYPE EYE%GOBP%GO:0002088	Details	35	0.787250790308883	1.76848553544716	0.000505305709954523	0.0166279614710942	0	440	WNT5A,EPHA2,WNT5B
LNCRNA IN CANONICAL WNT SIGNALING AND COLORECTAL CANCER%WIKIPATHWAYS_20240310%WP4258%HOMO SAPIENS	LNCRNA IN CANONICAL WNT SIGNALING AND COLORECTAL CANCER%WIKIPATHWAYS_20240310%WP4258%HOMO SAPIENS	Details	77	0.713170592005543	1.81110118264871	0.000122771769998247	0.00599787316352977	0	1174	CER1,WNT3,ROR2,DKK4,MACROH2A2,NOTUM,WNT3A,DKK1,SOX17,WNT4,NKD1,CDK6,WNT5B,AXIN2,DVL2,FZD1,CCND1,FZD10,FZD8
MALE SEX DIFFERENTIATION%GOBP%GO:0046661	MALE SEX DIFFERENTIATION%GOBP%GO:0046661	Details	41	0.751418555201418	1.73157293208022	0.00132818159864767	0.0337402651514145	0	1044	GATA6,WNT5A,GATA4,TBX3,FSHR,WNT4,MAMLD1,NR0B1,GATA3,AMH,AMHR2
MAMMARY GLAND DEVELOPMENT%GOBP%GO:0030879	MAMMARY GLAND DEVELOPMENT%GOBP%GO:0030879	Details	35	0.770045458822926	1.72983536165242	0.00141137112090746	0.0351514430936599	0	1103	WNT3,TBX3,FOXB1,WNT4,EPHA2,AKT1,PERP,ID2
MAMMARY GLAND EPITHELIUM DEVELOPMENT%GOBP%GO:0061180	MAMMARY GLAND EPITHELIUM DEVELOPMENT%GOBP%GO:0061180	Details	19	0.848748985602874	1.7144306618309	0.00173063402498603	0.0414764403497595	0	1103	WNT3,FOXB1,WNT4,EPHA2,AKT1,PERP,ID2
MARKERS OF KIDNEY CELL LINEAGE%WIKIPATHWAYS_20240310%WP5236%HOMO SAPIENS	MARKERS OF KIDNEY CELL LINEAGE%WIKIPATHWAYS_20240310%WP5236%HOMO SAPIENS	Details	43	0.773673374145073	1.79650970256433	0.000724845902052469	0.0206434812732522	0	1165	LHX1,RSPO3,TGFB1,BMP4,WNT4,NTN1,SALL1,AXIN2,FGF8
MESENCHYMAL CELL DIFFERENTIATION%GOBP%GO:0048762	MESENCHYMAL CELL DIFFERENTIATION%GOBP%GO:0048762	Details	122	0.710010957926441	1.91333635579456	1.35909401019012e-06	0.000191813467971498	0	1255	EOMES,WNT5A,GSC,SEMA6D,HAS2,BMP2,WNT8A,SNAI1,LEF1,TBX3,TGFB1,CDH2,FOXC1,BMP4,WNT4,NRP1,NCAM1,SNAI2,RADIL,DLG5,ZFP64,FOLR1,FN1,FGF8,SEMA4C,OLFM1
MESODERM FORMATION%GOBP%GO:0001707	MESODERM FORMATION%GOBP%GO:0001707	Details	26	0.901377768633834	1.91931431456547	9.06543358253381e-06	0.000799646787259337	0	468	EOMES,TBXT,MESP1,MESP2,SNAI1,KDM6B,BMP4,MSGN1,ITGA8,AHDC1
MESODERM MORPHOGENESIS%GOBP%GO:0048332	MESODERM MORPHOGENESIS%GOBP%GO:0048332	Details	27	0.906702321973288	1.94340624285314	1.03817474267546e-06	0.000153335995133298	0	468	EOMES,TBXT,MESP1,MESP2,SNAI1,TBX3,KDM6B,BMP4,MSGN1,ITGA8,AHDC1
MESODERMAL COMMITMENT PATHWAY%WIKIPATHWAYS_20240310%WP2857%HOMO SAPIENS	MESODERMAL COMMITMENT PATHWAY%WIKIPATHWAYS_20240310%WP2857%HOMO SAPIENS	Details	118	0.594680609359813	1.59685743795868	0.001922561734718	0.0444006893716146	0	791	MIXL1,WNT3,GATA6,TBX6,SNAI1,TBX3,WNT3A,DKK1,NODAL,FOXC1,SOX17,MEIS1,HAND1,ZIC3,BMP4,SMAD6,FOXH1,MSGN1,FOXA2,AHDC1,GDF3,FOXC2,BCORL1,AXIN2,GATA3,AMH,TWSG1
MESONEPHRIC EPITHELIUM DEVELOPMENT%GOBP%GO:0072163	MESONEPHRIC EPITHELIUM DEVELOPMENT%GOBP%GO:0072163	Details	27	0.830432046284886	1.77993017543292	0.000356004912867798	0.0135899796228256	0	603	CER1,LHX1,BMP2,FOXC1,BMP4,SLIT2,SALL1,GATA3
MESONEPHRIC TUBULE DEVELOPMENT%GOBP%GO:0072164	MESONEPHRIC TUBULE DEVELOPMENT%GOBP%GO:0072164	Details	27	0.830432046284886	1.77993017543292	0.000356004912867798	0.0135899796228256	0	603	CER1,LHX1,BMP2,FOXC1,BMP4,SLIT2,SALL1,GATA3
MESONEPHROS DEVELOPMENT%GOBP%GO:0001823	MESONEPHROS DEVELOPMENT%GOBP%GO:0001823	Details	31	0.803870912427176	1.76623805533658	0.000405143561740356	0.0146509245930683	0	603	CER1,LHX1,BMP2,FOXC1,BMP4,SLIT2,SALL1,GATA3
MOLECULES ASSOCIATED WITH ELASTIC FIBRES%REACTOME DATABASE ID RELEASE 81%2129379	MOLECULES ASSOCIATED WITH ELASTIC FIBRES%REACTOME DATABASE ID RELEASE 81%2129379	Details	29	0.844917561428205	1.83477536805982	0.000150649620879749	0.00703511575152417	0	1270	BMP2,TGFB1,EFEMP2,BMP4,ITGA8,MFAP4,MFAP3
MUSCLE CELL DIFFERENTIATION%GOBP%GO:0042692	MUSCLE CELL DIFFERENTIATION%GOBP%GO:0042692	Details	163	0.64680940695463	1.8046585056957	4.77717923452126e-06	0.000466767158745301	0	1311	GATA6,MESP1,APLNR,BMP2,ALPK2,TBX3,FLNC,WNT3A,IRX3,EFEMP2,KDM6B,PDGFRA,MYLK3,MYORG,ADAMTS15,WNT5B,KRT19,ANKRD1,CFLAR,ANK2,SYNE1,TMOD1,DMD,SEMA4C,ADAM12
NCRNAS INVOLVED IN WNT SIGNALING IN HEPATOCELLULAR CARCINOMA%WIKIPATHWAYS_20240310%WP4336%HOMO SAPIENS	NCRNAS INVOLVED IN WNT SIGNALING IN HEPATOCELLULAR CARCINOMA%WIKIPATHWAYS_20240310%WP4336%HOMO SAPIENS	Details	70	0.689488908216017	1.72708520590752	0.000412432361092781	0.014715493962361	0	1174	CER1,WNT3,ROR2,DKK4,NOTUM,WNT3A,DKK1,SOX17,WNT4,NKD1,WNT5B,DVL2,FZD1,CCND1,FZD10,FZD8
NEGATIVE REGULATION OF CANONICAL WNT SIGNALING PATHWAY%GOBP%GO:0090090	NEGATIVE REGULATION OF CANONICAL WNT SIGNALING PATHWAY%GOBP%GO:0090090	Details	111	0.627949988839507	1.67430667599847	0.00057086676603977	0.0179483902530623	0	820	DKK4,WNT5A,MESP1,BMP2,NOTUM,DKK1,DACT1,SOX17,NKD1,FRMD8,AMFR,MCC,SNAI2,TLE3,HDAC1,DKK3,SHISA6,AXIN2,DACT3,DAB2IP,FUZ
NEGATIVE REGULATION OF CELL DIFFERENTIATION%GOBP%GO:0045596	NEGATIVE REGULATION OF CELL DIFFERENTIATION%GOBP%GO:0045596	Details	366	0.564550237950699	1.69988829745841	1.58055909682354e-06	0.0002135772515729	0	1248	MIXL1,WNT5A,MESP1,SEMA6D,BMP2,TBX3,TNFRSF11B,WNT3A,DKK1,TGFB1,BCL7C,MEIS2,DLL1,ULK2,GPR55,MSX1,DISP3,MEIS1,ASXL1,PTCH1,BMP4,BAMBI,NFATC1,SMAD6,COL5A1,ANP32B,FERMT2,EPHA4,FOXA2,BCL7A,SPRED2,SUFU,CDK6,CHRD,ZEB1,DLX2,SNAI2,HDAC1,GDI1,TWIST1,GDF3,RUNX1,GATA3,S1PR3,IL17RD,DAB2IP,NFKBIA,FUZ,TSKU,COL5A2,GPR137,HDAC5,TMEM98,ID2,ENPP1,BICRA,TRIO,APPL2,BRD9,SEMA4C
NEGATIVE REGULATION OF DNA-BINDING TRANSCRIPTION FACTOR ACTIVITY%GOBP%GO:0043433	NEGATIVE REGULATION OF DNA-BINDING TRANSCRIPTION FACTOR ACTIVITY%GOBP%GO:0043433	Details	122	0.613894036163927	1.65432063390716	0.000518974004120339	0.0169897108256097	0	1237	EOMES,TBXT,TBX6,HAND1,PTCH1,FOXH1,CYP1B1,ARRB1,FOXA2,SUFU,NR0B1,TRAF3,ID1,DAB2IP,ID3,LRRC14,NFKBIA,CMKLR1,ADGRG3,ID2,CCDC22
NEGATIVE REGULATION OF EPITHELIAL CELL DIFFERENTIATION%GOBP%GO:0030857	NEGATIVE REGULATION OF EPITHELIAL CELL DIFFERENTIATION%GOBP%GO:0030857	Details	21	0.828568248481322	1.70231350490501	0.00231581214993537	0.0475978089457591	0	680	DLL1,MSX1,SPRED2,ZEB1,GDF3,S1PR3
NEGATIVE REGULATION OF STEROID BIOSYNTHETIC PROCESS%GOBP%GO:0010894	NEGATIVE REGULATION OF STEROID BIOSYNTHETIC PROCESS%GOBP%GO:0010894	Details	17	0.870401318048914	1.72528779119844	0.0012291452018148	0.0319930376095319	0	560	BMP2,SNAI1,WNT4,SNAI2,DKK3,NR0B1
NEGATIVE REGULATION OF STEROID METABOLIC PROCESS%GOBP%GO:0045939	NEGATIVE REGULATION OF STEROID METABOLIC PROCESS%GOBP%GO:0045939	Details	18	0.85814263860512	1.71814155609869	0.00155164636896707	0.0379019464973457	0	560	BMP2,SNAI1,WNT4,SNAI2,DKK3,NR0B1
NEGATIVE REGULATION OF WNT SIGNALING PATHWAY%GOBP%GO:0030178	NEGATIVE REGULATION OF WNT SIGNALING PATHWAY%GOBP%GO:0030178	Details	137	0.63784384788804	1.74338549775312	8.57497654659433e-05	0.00456340614933644	0	1028	CER1,DKK4,WNT5A,MESP1,BMP2,ALPK2,NOTUM,DKK1,DACT1,SOX17,NXN,NKD1,FRMD8,AMFR,MCC,SNAI2,TLE3,HDAC1,DKK3,SHISA6,AXIN2,APCDD1,DACT3,DAB2IP,FUZ,TSKU,HIC1,INVS
NEURAL CREST DIFFERENTIATION%WIKIPATHWAYS_20240310%WP2064%HOMO SAPIENS	NEURAL CREST DIFFERENTIATION%WIKIPATHWAYS_20240310%WP2064%HOMO SAPIENS	Details	77	0.733086654566673	1.86167814819175	2.94780121304453e-05	0.00203494407652672	0	736	LHX1,DLL3,TBX6,WNT8A,SNAI1,PRTG,MSX2,WNT3A,CDH2,MSX1,HAND1,BMP4,FGFR3,HOXA1,RHOB,SNAI2,HDAC1,TWIST1,AXIN2,DVL2,ID1
OSSIFICATION%GOBP%GO:0001503	OSSIFICATION%GOBP%GO:0001503	Details	124	0.622238282977566	1.68056530965564	0.000298245063259348	0.0120646776863702	0	1361	CER1,COL13A1,BMP2,SNAI1,LEF1,MSX2,CDH11,FOXC1,COL6A1,BMP4,FGFR3,INPPL1,EPHA2,SNAI2,TWIST1,RUNX1,MRC2,ACHE,PHOSPHO1,TNC,ZBTB40,ENPP1,FIGNL1,MT-RNR1,RPS15
PATHWAYS IN CANCER%WIKIPATHWAYS_20240310%WP5434%HOMO SAPIENS	PATHWAYS IN CANCER%WIKIPATHWAYS_20240310%WP5434%HOMO SAPIENS	Details	352	0.480332127796522	1.4416638446642	0.0016660241229278	0.0402316319570891	0	1655	WNT3,DLL3,BMP2,WNT8A,WNT3A,TGFB1,IL13RA1,MAPK10,MGST2,PTCH1,BMP4,PDGFRA,WNT4,FGFR3,RASGRP3,RET,GNAS,CXCR4,SUFU,CDK6,WNT5B,HDAC1,AXIN2,DVL2,RUNX1,CAMK2D,RXRG,WNT9B,HRAS,TRAF3,RXRA,KIF7,BDKRB2,CDK2,NFKBIA,IL23A,FZD1,GNAI1,PIK3R1,COL4A5,CCND1,FZD10,GNB2,FZD8,TGFA,MAP2K2,SMO,EGF,CDK4,EPOR,MMP2,DVL1,FZD2,COL4A6
PEPTIDE CHAIN ELONGATION%REACTOME%R-HSA-156902.4	PEPTIDE CHAIN ELONGATION%REACTOME%R-HSA-156902.4	Details	87	0.669037220196493	1.72774210500451	0.000356165714193204	0.0135899796228256	0	3411	RPL31,RPLP2,FAU,RPS18,RPS3,RPL13,RPLP1,RPL18,RPS15,RPS19,RPL39,RPL7A,RPS10,RPL29,RPS14,RPL37A,RPS28,RPL8,RPS12,UBA52,RPL13A,RPS8,RPLP0,RPSA,RPS23,RPS21,RPL36,RPS29,RPL18A,RPS9,RPL41,RPS2,RPL4,RPS16,RPL14,RPL32,RPS27A,RPL10A,RPL27,RPL19,RPL23A,RPS6,RPS7,RPL35A,RPL10,RPS3A,RPS13,RPL24,RPL37,RPL27A,RPL6,RPS15A,RPL3,RPL17,RPS5
PID_BETA_CATENIN_NUC_PATHWAY%MSIGDB_C2%PID_BETA_CATENIN_NUC_PATHWAY	PID_BETA_CATENIN_NUC_PATHWAY%MSIGDB_C2%PID_BETA_CATENIN_NUC_PATHWAY	Details	54	0.700772179873726	1.68909236754244	0.00188695139415382	0.0440589275892313	0	1675	SP5,TBXT,DKK4,DKK1,CDX1,SNAI2,HDAC1,AXIN2,TBL1X,CCND1,ID2,SALL4,ZCCHC12,MMP2,BCL9
PID_BMP_PATHWAY%MSIGDB_C2%PID_BMP_PATHWAY	PID_BMP_PATHWAY%MSIGDB_C2%PID_BMP_PATHWAY	Details	31	0.788671166103858	1.7328416853813	0.00118020081028712	0.031231063942223	0	1932	CER1,BMP2,FST,BMP4,BAMBI,CTDSP1,CTDSP2,BMPR2,PPP1R15A,SMAD9
PLEURAL MESOTHELIOMA%WIKIPATHWAYS_20240310%WP5087%HOMO SAPIENS	PLEURAL MESOTHELIOMA%WIKIPATHWAYS_20240310%WP5087%HOMO SAPIENS	Details	321	0.509338662420474	1.51704380007338	0.000600357422093153	0.01822008779531	0	1821	CER1,WNT3,ROR2,DKK4,NOTUM,WNT3A,DKK1,TGFB1,CDH11,CDH2,ULK2,SOX17,MAPK10,ASXL1,PDGFRA,WNT4,FGFR3,EPHA2,CDH10,MAPK7,ANGPT2,WNT5B,CDH18,EFNA2,SRC,DVL2,HRAS,MAP4K1,CDK2,FZD1,NGFR,BMI1,COL4A5,CCND1,MMP14,FZD10,FGF8,FZD8,AKT1S1,MAPKAPK2,TGFA,MAD1L1,MAP2K2,MDK,EGF,CDK4,MMP2,NF2,DVL1,SETDB1,FZD2,UHRF1,CDH24,COL4A6,TSC1,VEGFB,RYK,PRKAG1,RBBP4
POLYCYSTIC KIDNEY DISEASE PATHWAY%WIKIPATHWAYS_20240310%WP2571%HOMO SAPIENS	POLYCYSTIC KIDNEY DISEASE PATHWAY%WIKIPATHWAYS_20240310%WP2571%HOMO SAPIENS	Details	68	0.676853132727641	1.68874832843841	0.00125586621719876	0.0322915236657057	0	1887	WNT3,WNT8A,WNT3A,WNT4,GNAS,WNT5B,SRC,DVL2,WNT9B,HRAS,FZD1,GNAI1,CCND1,FZD10,FZD8,MAP2K2,EGF,DVL1,FZD2,TSC1,VEGFB,PRKAG1,WNT11
POSITIVE REGULATION OF ANGIOGENESIS%GOBP%GO:0045766	POSITIVE REGULATION OF ANGIOGENESIS%GOBP%GO:0045766	Details	113	0.654103859195033	1.74699705374794	0.000140361299156242	0.00675329250713101	0	1311	GATA6,WNT5A,GATA4,APLNR,ITGA5,BMPER,DLL1,NODAL,PGF,CYP1B1,PRKD1,RHOB,TWIST1,FOXC2,RUNX1,HIPK2,PDPK1,STIM1,EMILIN2,MYDGF,PKM,ADAM12
POSITIVE REGULATION OF CELL DEVELOPMENT%GOBP%GO:0010720	POSITIVE REGULATION OF CELL DEVELOPMENT%GOBP%GO:0010720	Details	243	0.51341779560963	1.49157857896706	0.00190997091635196	0.0444006893716146	0	1699	PLXNA2,BMP2,HAPLN1,LEF1,TENM4,TGFB1,ZAP70,SERPINE2,BMP4,MALT1,NTN1,NRP1,SMARCD3,SLIT2,NCAN,CXCR4,IL1RAPL1,DUSP10,RUNX1,GATA3,PHF10,CUX1,FXR2,ARID1A,IL23A,DRD2,PLXNA3,ADD1,ZFYVE27,MMP14,ID2,AGER,ZMIZ1,DISC1,CLCF1,MDK,RELN,CUL7,TIAM1,CBFB,METRN,KAT5
POSITIVE REGULATION OF CELL MIGRATION%GOBP%GO:0030335	POSITIVE REGULATION OF CELL MIGRATION%GOBP%GO:0030335	Details	396	0.47904685571562	1.45175174727199	0.00112285068791515	0.0300895557761566	0	1770	ROR2,WNT5A,SEMA6D,HAS2,BMP2,SNAI1,LEF1,TGFB1,RIPOR1,PDGFRA,GLIPR2,EPHA2,RHOC,DMTN,NRP1,RET,PGF,FERMT2,EPHA4,CXCR4,PRKD1,RHOB,AKT1,WNT5B,SUN2,SNAI2,TWIST1,JCAD,FOXC2,SRC,ELP5,GATA3,HRAS,PDPK1,DAB2IP,CMKLR1,PIK3CB,RREB1,ATOH8,ELP6,F2RL1,HDAC6,MMP14,FAM83H,ARHGEF2,ENPP2,FN1,AGER,FAM89B,ACVR1B,SEMA4C,ARHGEF39,SMO,MAP3K3,MDK,EGF,CD151,MGAT5,TIAM1,SEMA6C,P2RX4,BMPR2,JAM3,SEMA3E,VEGFB,SPHK1
POSITIVE REGULATION OF CELL MOTILITY%GOBP%GO:2000147	POSITIVE REGULATION OF CELL MOTILITY%GOBP%GO:2000147	Details	409	0.482421005550043	1.46596868757248	0.000645378151260504	0.0184630479218715	0	1770	ROR2,WNT5A,SEMA6D,HAS2,BMP2,SNAI1,LEF1,TGFB1,RIPOR1,PDGFRA,GLIPR2,EPHA2,NTN1,RHOC,DMTN,NRP1,TACR1,RET,PGF,FERMT2,EPHA4,CXCR4,PRKD1,RHOB,AKT1,WNT5B,SUN2,SNAI2,TWIST1,JCAD,FOXC2,SRC,ELP5,GATA3,HRAS,PDPK1,DAB2IP,CMKLR1,PIK3CB,RREB1,ATOH8,ELP6,F2RL1,HDAC6,MMP14,FAM83H,ARHGEF2,ENPP2,FN1,AGER,FAM89B,ACVR1B,SEMA4C,ARHGEF39,SMO,MAP3K3,MDK,EGF,CD151,MGAT5,TIAM1,CFAP20,SEMA6C,P2RX4,BMPR2,JAM3,SEMA3E,VEGFB,SPHK1
POSITIVE REGULATION OF EMBRYONIC DEVELOPMENT%GOBP%GO:0040019	POSITIVE REGULATION OF EMBRYONIC DEVELOPMENT%GOBP%GO:0040019	Details	18	0.881984952188385	1.76587775742244	0.000469102390617952	0.0159319212984739	0	533	LHX1,TENM4,WNT3A,WNT4,FOXA2,OTX2
POSITIVE REGULATION OF EPITHELIAL TO MESENCHYMAL TRANSITION%GOBP%GO:0010718	POSITIVE REGULATION OF EPITHELIAL TO MESENCHYMAL TRANSITION%GOBP%GO:0010718	Details	48	0.749273340224126	1.7715835664467	0.000357349487799067	0.0135899796228256	0	534	BMP2,SNAI1,LEF1,TGFB1,FOXC1,BAMBI,GLIPR2,FERMT2,TWIST1,AXIN2
POSITIVE REGULATION OF ERK1 AND ERK2 CASCADE%GOBP%GO:0070374	POSITIVE REGULATION OF ERK1 AND ERK2 CASCADE%GOBP%GO:0070374	Details	137	0.687304110678864	1.87857266801445	1.42006532147287e-06	0.000196061627319004	0	1270	ROR2,FGF4,CALCR,BMP2,BMPER,FSHR,TGFB1,NODAL,GPR55,PDGFRA,FGFR3,GLIPR2,NRP1,FERMT2,ARRB1,HRAS,DDT,F2RL1,AGER,MFAP3
POSITIVE REGULATION OF FIBROBLAST PROLIFERATION%GOBP%GO:0048146	POSITIVE REGULATION OF FIBROBLAST PROLIFERATION%GOBP%GO:0048146	Details	26	0.827835044815176	1.76271892529687	0.000499571795603768	0.0166114160936101	0	1770	WNT5A,PDGFRA,CDK6,BMI1,FN1,CDK4,SPHK1
POSITIVE REGULATION OF LOCOMOTION%GOBP%GO:0040017	POSITIVE REGULATION OF LOCOMOTION%GOBP%GO:0040017	Details	416	0.483970454292852	1.47247736742307	0.000537107408053926	0.0171939960505267	0	1770	ROR2,WNT5A,SEMA6D,HAS2,BMP2,SNAI1,LEF1,TGFB1,RIPOR1,PDGFRA,GLIPR2,EPHA2,NTN1,RHOC,DMTN,NRP1,TACR1,RET,PGF,FERMT2,EPHA4,SLIT2,CXCR4,PRKD1,RHOB,AKT1,WNT5B,SUN2,SNAI2,TWIST1,JCAD,FOXC2,SRC,ELP5,GATA3,HRAS,PDPK1,DAB2IP,CMKLR1,PIK3CB,RREB1,ATOH8,ELP6,F2RL1,HDAC6,MMP14,FAM83H,ARHGEF2,ENPP2,FN1,AGER,FAM89B,ACVR1B,SEMA4C,ARHGEF39,SMO,MAP3K3,MDK,EGF,CD151,MGAT5,TIAM1,CFAP20,SEMA6C,P2RX4,BMPR2,JAM3,SEMA3E,VEGFB,SPHK1
POSITIVE REGULATION OF MAPK CASCADE%GOBP%GO:0043410	POSITIVE REGULATION OF MAPK CASCADE%GOBP%GO:0043410	Details	314	0.53708735083028	1.59676546823834	7.97909843910388e-05	0.00433121830655972	0	1276	ROR2,FGF4,WNT5A,CALCR,BMP2,BMPER,FSHR,DKK1,TGFB1,NODAL,GPR55,BMP4,PDGFRA,WNT4,FGFR3,GLIPR2,ADRA2C,NRP1,RET,FERMT2,MAP3K4,ARRB1,BCAR3,JCAD,DVL2,HRAS,MAP4K1,HIPK2,DAB2IP,DDT,F2RL1,RPS3,MYDGF,AGER,FZD10,TNFRSF19,LAMTOR1,TENM1,SEMA4C,MFAP3,TGFA
POSITIVE REGULATION OF MUSCLE CELL DIFFERENTIATION%GOBP%GO:0051149	POSITIVE REGULATION OF MUSCLE CELL DIFFERENTIATION%GOBP%GO:0051149	Details	44	0.798106215782539	1.86051025879727	8.62240179373913e-05	0.00456340614933644	0	1065	MESP1,WNT3A,TGFB1,EFEMP2,BMP4,MYLK3,RBM24,MAPK12,MMP14
POSITIVE REGULATION OF OSTEOBLAST DIFFERENTIATION%GOBP%GO:0045669	POSITIVE REGULATION OF OSTEOBLAST DIFFERENTIATION%GOBP%GO:0045669	Details	48	0.745105794319675	1.7617298115613	0.000493482626008236	0.01649530609357	0	2040	WNT3,BMP4,WNT4,FBN2,FERMT2,PRKD1,FZD1,ACVR2A,LRP3,BMPR2,IL6ST,IFITM1
POSITIVE REGULATION OF PEPTIDYL-TYROSINE PHOSPHORYLATION%GOBP%GO:0050731	POSITIVE REGULATION OF PEPTIDYL-TYROSINE PHOSPHORYLATION%GOBP%GO:0050731	Details	86	0.653011129870222	1.68335983196467	0.000826674014880132	0.0229266666746887	0	2939	ITGA5,TGFB1,FGFR3,EPHA4,CRLF1,SRC,IL23A,ARHGEF2,ENPP2,CLCF1,GHR,RELN,IL11,HES1,FGF10,IL6ST,PTPN1,DGKQ,ERBB4,FBXW7,ARL2BP,EFNA5,JAK2
POSITIVE REGULATION OF PHOSPHATE METABOLIC PROCESS%GOBP%GO:0045937	POSITIVE REGULATION OF PHOSPHATE METABOLIC PROCESS%GOBP%GO:0045937	Details	493	0.469276840225872	1.44452530889599	0.000538750624162308	0.0171939960505267	0	1865	FGF17,FGF4,WNT5A,APLNR,ITGA5,DLC1,BMP2,WNT3A,TGFB1,CAMKK2,BMP4,FGFR3,MALT1,ADRA2C,PINK1,PGF,FERMT2,MAP3K4,EPHA4,ARRB1,CRLF1,DIPK2A,SMPD1,AKT1,BCAR3,GBA1,SRC,AXIN2,DVL2,CHRNA3,HRAS,FGF3,PTH1R,PDPK1,DAB2IP,IL23A,PARK7,CCND1,CALM3,HDAC6,RPS3,ARHGEF2,ENPP2,MYDGF,AGER,FGF8,TENM1,PIN1,FAM20A,ACVR2A,MT-RNR1,MOB3A,PRKCD,TAOK2,MAP2K2,DHX34,CLCF1,EGF,RAP2A,GHR,RELN,MAVS,CSNK1D,IL11,VEGFB,SPHK1,RASGRP1,PRKAG1,PPP1R15A,VCP,HES1,FGF10
POSITIVE REGULATION OF PHOSPHORUS METABOLIC PROCESS%GOBP%GO:0010562	POSITIVE REGULATION OF PHOSPHORUS METABOLIC PROCESS%GOBP%GO:0010562	Details	493	0.469276840225872	1.44452530889599	0.000538750624162308	0.0171939960505267	0	1865	FGF17,FGF4,WNT5A,APLNR,ITGA5,DLC1,BMP2,WNT3A,TGFB1,CAMKK2,BMP4,FGFR3,MALT1,ADRA2C,PINK1,PGF,FERMT2,MAP3K4,EPHA4,ARRB1,CRLF1,DIPK2A,SMPD1,AKT1,BCAR3,GBA1,SRC,AXIN2,DVL2,CHRNA3,HRAS,FGF3,PTH1R,PDPK1,DAB2IP,IL23A,PARK7,CCND1,CALM3,HDAC6,RPS3,ARHGEF2,ENPP2,MYDGF,AGER,FGF8,TENM1,PIN1,FAM20A,ACVR2A,MT-RNR1,MOB3A,PRKCD,TAOK2,MAP2K2,DHX34,CLCF1,EGF,RAP2A,GHR,RELN,MAVS,CSNK1D,IL11,VEGFB,SPHK1,RASGRP1,PRKAG1,PPP1R15A,VCP,HES1,FGF10
POSITIVE REGULATION OF PHOSPHORYLATION%GOBP%GO:0042327	POSITIVE REGULATION OF PHOSPHORYLATION%GOBP%GO:0042327	Details	429	0.485570107865104	1.48047100121813	0.000454660943287734	0.0156932154935891	0	1865	FGF17,FGF4,WNT5A,APLNR,ITGA5,BMP2,WNT3A,TGFB1,CAMKK2,BMP4,FGFR3,MALT1,ADRA2C,PINK1,PGF,FERMT2,MAP3K4,EPHA4,ARRB1,CRLF1,DIPK2A,AKT1,BCAR3,SRC,AXIN2,DVL2,CHRNA3,HRAS,FGF3,PDPK1,DAB2IP,IL23A,PARK7,CCND1,CALM3,HDAC6,RPS3,ARHGEF2,ENPP2,MYDGF,AGER,FGF8,TENM1,PIN1,FAM20A,ACVR2A,MT-RNR1,MOB3A,PRKCD,TAOK2,MAP2K2,DHX34,CLCF1,EGF,RAP2A,GHR,RELN,MAVS,CSNK1D,IL11,VEGFB,SPHK1,RASGRP1,PRKAG1,HES1,FGF10
POSITIVE REGULATION OF PROTEIN PHOSPHORYLATION%GOBP%GO:0001934	POSITIVE REGULATION OF PROTEIN PHOSPHORYLATION%GOBP%GO:0001934	Details	408	0.500243089845141	1.51990708233329	0.000228635984614143	0.0100837995714196	0	1865	FGF17,FGF4,WNT5A,APLNR,ITGA5,BMP2,WNT3A,TGFB1,CAMKK2,BMP4,FGFR3,MALT1,ADRA2C,PINK1,PGF,FERMT2,MAP3K4,EPHA4,ARRB1,CRLF1,DIPK2A,AKT1,BCAR3,SRC,AXIN2,DVL2,CHRNA3,HRAS,FGF3,PDPK1,DAB2IP,IL23A,PARK7,CCND1,CALM3,HDAC6,RPS3,ARHGEF2,ENPP2,MYDGF,AGER,FGF8,TENM1,PIN1,FAM20A,ACVR2A,MT-RNR1,MOB3A,PRKCD,TAOK2,MAP2K2,CLCF1,EGF,RAP2A,GHR,RELN,MAVS,CSNK1D,IL11,VEGFB,SPHK1,RASGRP1,PRKAG1,HES1,FGF10
POSITIVE REGULATION OF SMAD PROTEIN SIGNAL TRANSDUCTION%GOBP%GO:0060391	POSITIVE REGULATION OF SMAD PROTEIN SIGNAL TRANSDUCTION%GOBP%GO:0060391	Details	35	0.787132399628313	1.76821958181625	0.000505305709954523	0.0166279614710942	0	1259	BMP2,BMPER,TGFB1,NODAL,BMP4,AMH,TWSG1,ACVR2A
POSITIVE REGULATION OF STRIATED MUSCLE CELL DIFFERENTIATION%GOBP%GO:0051155	POSITIVE REGULATION OF STRIATED MUSCLE CELL DIFFERENTIATION%GOBP%GO:0051155	Details	24	0.874184326534079	1.83621808101228	9.08781245837022e-05	0.00473087679697617	0	1065	MESP1,WNT3A,TGFB1,BMP4,MYLK3,RBM24,MMP14
POSITIVE REGULATION OF TRANSMEMBRANE RECEPTOR PROTEIN SERINE/THREONINE KINASE SIGNALING PATHWAY%GOBP%GO:0090100	POSITIVE REGULATION OF TRANSMEMBRANE RECEPTOR PROTEIN SERINE/THREONINE KINASE SIGNALING PATHWAY%GOBP%GO:0090100	Details	77	0.687542410844376	1.7460182561646	0.000278218745397116	0.01164862636632	0	1259	BMP2,ZEB2,BMPER,TGFB1,NODAL,BMP4,KCP,HIPK2,AMH,TWSG1,CITED2,ACVR1B,ACVR2A
POSITIVE REGULATION OF VASCULATURE DEVELOPMENT%GOBP%GO:1904018	POSITIVE REGULATION OF VASCULATURE DEVELOPMENT%GOBP%GO:1904018	Details	117	0.669463179347286	1.79579700648087	3.1061085511828e-05	0.00205246656827146	0	1311	GATA6,WNT5A,GATA4,APLNR,ITGA5,BMPER,TGFB1,DLL1,NODAL,PGF,CYP1B1,CXCR4,PRKD1,RHOB,TWIST1,FOXC2,RUNX1,HIPK2,PDPK1,STIM1,EMILIN2,MYDGF,PKM,ADAM12
POSITIVE REGULATION OF WNT SIGNALING PATHWAY%GOBP%GO:0030177	POSITIVE REGULATION OF WNT SIGNALING PATHWAY%GOBP%GO:0030177	Details	110	0.610367603991431	1.62533585628767	0.0013334603295552	0.0337402651514145	0	703	WLS,LGR5,BMP2,ZEB2,RSPO3,WNT3A,DKK1,TGFB1,DACT1,BAMBI,NKD1,PTK7,FAM53B,SALL1,WNT5B,HHEX,TBL1X
PROTEIN SYNTHESIS: ALANINE%PATHWHIZ%PW101384	PROTEIN SYNTHESIS: ALANINE%PATHWHIZ%PW101384	Details	79	0.720563220753524	1.83579668749375	3.90032057798623e-05	0.00238182076834525	0	3411	RPL31,RPLP2,FAU,RPS18,RPS3,RPL13,RPLP1,RPL18,RPS15,RPS19,RPL39,RPL7A,RPS10,RPL29,RPS14,RPL37A,RPS28,RPL8,RPS12,UBA52,RPL13A,RPS8,RPLP0,RPSA,RPS23,RPS21,RPL36,RPS29,RPL18A,RPS9,RPL41,RPS2,RPL4,RPS16,RPL14,RPL32,RPL10A,RPL27,RPL19,RPL23A,RPS6,RPS7,RPL35A,RPL10,RPS3A,RPS13,RPL24,RACK1,RPL37,RPL27A,RPL6,RPS15A,RPL3,RPL17,RPS5
PROTEIN SYNTHESIS: ARGININE%SMPDB%SMP0111853	PROTEIN SYNTHESIS: ARGININE%SMPDB%SMP0111853	Details	79	0.727730671429844	1.85405737834001	2.25832944653394e-05	0.00168737062528671	0	3411	RPL31,RPLP2,FAU,RPS18,RPS3,RPL13,RPLP1,RPL18,RPS15,RPS19,RPL39,RPL7A,RPS10,RPL29,RPS14,RPL37A,RPS28,RPL8,RPS12,UBA52,RPL13A,RPS8,RPLP0,RPSA,RPS23,RPS21,RPL36,RPS29,RPL18A,RPS9,RPL41,RPS2,RPL4,RPS16,RPL14,RPL32,RPL10A,RPL27,RPL19,RPL23A,RPS6,RPS7,RPL35A,RPL10,RPS3A,RPS13,RPL24,RACK1,RPL37,RPL27A,RPL6,RPS15A,RPL3,RPL17,RPS5
PROTEIN SYNTHESIS: ASPARAGINE%SMPDB%SMP0111854	PROTEIN SYNTHESIS: ASPARAGINE%SMPDB%SMP0111854	Details	79	0.711406003279478	1.81246661870682	6.00546385457145e-05	0.00343609918381832	0	3411	RPL31,RPLP2,FAU,RPS18,RPS3,RPL13,RPLP1,RPL18,RPS15,RPS19,RPL39,RPL7A,RPS10,RPL29,RPS14,RPL37A,RPS28,RPL8,RPS12,UBA52,RPL13A,RPS8,RPLP0,RPSA,RPS23,RPS21,RPL36,RPS29,RPL18A,RPS9,RPL41,RPS2,RPL4,RPS16,RPL14,RPL32,RPL10A,RPL27,RPL19,RPL23A,RPS6,RPS7,RPL35A,RPL10,RPS3A,RPS13,RPL24,RACK1,RPL37,RPL27A,RPL6,RPS15A,RPL3,RPL17,RPS5
PROTEIN SYNTHESIS: ASPARTIC ACID%SMPDB%SMP0111858	PROTEIN SYNTHESIS: ASPARTIC ACID%SMPDB%SMP0111858	Details	79	0.727474178847488	1.85340390586252	2.25832944653394e-05	0.00168737062528671	0	3411	RPL31,RPLP2,FAU,RPS18,RPS3,RPL13,RPLP1,RPL18,RPS15,RPS19,RPL39,RPL7A,RPS10,RPL29,RPS14,RPL37A,RPS28,RPL8,RPS12,UBA52,RPL13A,RPS8,RPLP0,RPSA,RPS23,RPS21,RPL36,RPS29,RPL18A,RPS9,RPL41,RPS2,RPL4,RPS16,RPL14,RPL32,RPL10A,RPL27,RPL19,RPL23A,RPS6,RPS7,RPL35A,RPL10,RPS3A,RPS13,RPL24,RACK1,RPL37,RPL27A,RPL6,RPS15A,RPL3,RPL17,RPS5
PROTEIN SYNTHESIS: CYSTEINE%PATHWHIZ%PW112918	PROTEIN SYNTHESIS: CYSTEINE%PATHWHIZ%PW112918	Details	79	0.713252273391044	1.81717040660136	5.63872532498098e-05	0.00328103876654828	0	3411	RPL31,RPLP2,FAU,RPS18,RPS3,RPL13,RPLP1,RPL18,RPS15,RPS19,RPL39,RPL7A,RPS10,RPL29,RPS14,RPL37A,RPS28,RPL8,RPS12,UBA52,RPL13A,RPS8,RPLP0,RPSA,RPS23,RPS21,RPL36,RPS29,RPL18A,RPS9,RPL41,RPS2,RPL4,RPS16,RPL14,RPL32,RPL10A,RPL27,RPL19,RPL23A,RPS6,RPS7,RPL35A,RPL10,RPS3A,RPS13,RPL24,RACK1,RPL37,RPL27A,RPL6,RPS15A,RPL3,RPL17,RPS5
PROTEIN SYNTHESIS: GLUTAMIC ACID%PATHWHIZ%PW112922	PROTEIN SYNTHESIS: GLUTAMIC ACID%PATHWHIZ%PW112922	Details	79	0.671659567336599	1.71120364365889	0.000604417145844224	0.01822008779531	0	3411	RPL31,RPLP2,FAU,RPS18,RPS3,RPL13,RPLP1,RPL18,RPS15,RPS19,RPL39,RPL7A,RPS10,RPL29,RPS14,RPL37A,RPS28,RPL8,RPS12,UBA52,RPL13A,RPS8,RPLP0,RPSA,RPS23,RPS21,RPL36,RPS29,RPL18A,RPS9,RPL41,RPS2,RPL4,RPS16,RPL14,RPL32,RPL10A,RPL27,RPL19,RPL23A,RPS6,RPS7,RPL35A,RPL10,RPS3A,RPS13,RPL24,RACK1,RPL37,RPL27A,RPL6,RPS15A,RPL3,RPL17,RPS5
PROTEIN SYNTHESIS: GLUTAMINE%SMPDB%SMP0111862	PROTEIN SYNTHESIS: GLUTAMINE%SMPDB%SMP0111862	Details	79	0.728880513265384	1.85698685874093	2.03136368006829e-05	0.00159273959655724	0	3411	RPL31,RPLP2,FAU,RPS18,RPS3,RPL13,RPLP1,RPL18,RPS15,RPS19,RPL39,RPL7A,RPS10,RPL29,RPS14,RPL37A,RPS28,RPL8,RPS12,UBA52,RPL13A,RPS8,RPLP0,RPSA,RPS23,RPS21,RPL36,RPS29,RPL18A,RPS9,RPL41,RPS2,RPL4,RPS16,RPL14,RPL32,RPL10A,RPL27,RPL19,QARS1,RPL23A,RPS6,RPS7,RPL35A,RPL10,RPS3A,RPS13,RPL24,RACK1,RPL37,RPL27A,RPL6,RPS15A,RPL3,RPL17,RPS5
PROTEIN SYNTHESIS: GLYCINE%PATHWHIZ%PW112928	PROTEIN SYNTHESIS: GLYCINE%PATHWHIZ%PW112928	Details	79	0.709402909929447	1.80736328838018	6.64725728836607e-05	0.00373850460786489	0	3411	RPL31,RPLP2,FAU,RPS18,RPS3,RPL13,RPLP1,RPL18,RPS15,RPS19,RPL39,RPL7A,RPS10,RPL29,RPS14,RPL37A,RPS28,RPL8,RPS12,UBA52,RPL13A,RPS8,RPLP0,RPSA,RPS23,RPS21,RPL36,RPS29,RPL18A,RPS9,RPL41,RPS2,RPL4,RPS16,RPL14,RPL32,RPL10A,RPL27,RPL19,RPL23A,RPS6,RPS7,RPL35A,RPL10,RPS3A,RPS13,RPL24,RACK1,RPL37,RPL27A,RPL6,RPS15A,RPL3,RPL17,RPS5
PROTEIN SYNTHESIS: HISTIDINE%PATHWHIZ%PW112929	PROTEIN SYNTHESIS: HISTIDINE%PATHWHIZ%PW112929	Details	79	0.722448026369464	1.84059865324312	3.17044530290495e-05	0.00205246656827146	0	3411	RPL31,RPLP2,FAU,RPS18,RPS3,RPL13,RPLP1,RPL18,RPS15,RPS19,RPL39,RPL7A,RPS10,RPL29,RPS14,RPL37A,RPS28,RPL8,RPS12,UBA52,RPL13A,RPS8,RPLP0,RPSA,RPS23,RPS21,RPL36,RPS29,RPL18A,RPS9,RPL41,RPS2,RPL4,RPS16,RPL14,RPL32,RPL10A,RPL27,RPL19,RPL23A,RPS6,RPS7,RPL35A,RPL10,RPS3A,RPS13,RPL24,RACK1,RPL37,RPL27A,RPL6,RPS15A,RPL3,RPL17,RPS5
PROTEIN SYNTHESIS: ISOLEUCINE%SMPDB%SMP0111872	PROTEIN SYNTHESIS: ISOLEUCINE%SMPDB%SMP0111872	Details	79	0.725529523119393	1.84844945850643	2.75989165003703e-05	0.0019475635410428	0	3411	RPL31,RPLP2,FAU,RPS18,RPS3,RPL13,RPLP1,RPL18,RPS15,RPS19,RPL39,RPL7A,RPS10,RPL29,RPS14,RPL37A,RPS28,RPL8,RPS12,UBA52,RPL13A,RPS8,RPLP0,RPSA,RPS23,RPS21,RPL36,RPS29,RPL18A,RPS9,RPL41,RPS2,RPL4,RPS16,RPL14,RPL32,RPL10A,RPL27,RPL19,RPL23A,RPS6,RPS7,RPL35A,RPL10,RPS3A,RPS13,RPL24,RACK1,RPL37,RPL27A,RPL6,RPS15A,RPL3,RPL17,RPS5
PROTEIN SYNTHESIS: LEUCINE%SMPDB%SMP0111873	PROTEIN SYNTHESIS: LEUCINE%SMPDB%SMP0111873	Details	79	0.678303768937027	1.72813123993053	0.00042472556194459	0.0149857335772783	0	3411	RPL31,RPLP2,FAU,RPS18,RPS3,RPL13,RPLP1,RPL18,RPS15,RPS19,RPL39,RPL7A,RPS10,RPL29,RPS14,RPL37A,RPS28,RPL8,RPS12,UBA52,RPL13A,RPS8,RPLP0,RPSA,RPS23,RPS21,RPL36,RPS29,RPL18A,RPS9,RPL41,RPS2,RPL4,RPS16,RPL14,RPL32,RPL10A,RPL27,RPL19,RPL23A,RPS6,RPS7,RPL35A,RPL10,RPS3A,RPS13,RPL24,RACK1,RPL37,RPL27A,RPL6,RPS15A,RPL3,RPL17,RPS5
PROTEIN SYNTHESIS: LYSINE%SMPDB%SMP0111874	PROTEIN SYNTHESIS: LYSINE%SMPDB%SMP0111874	Details	79	0.726259761998143	1.85030990610642	2.53180685733711e-05	0.00182721651715318	0	3411	RPL31,RPLP2,FAU,RPS18,RPS3,RPL13,RPLP1,RPL18,RPS15,RPS19,RPL39,RPL7A,RPS10,RPL29,RPS14,RPL37A,RPS28,RPL8,RPS12,UBA52,RPL13A,RPS8,RPLP0,RPSA,RPS23,RPS21,RPL36,RPS29,RPL18A,RPS9,RPL41,RPS2,RPL4,RPS16,RPL14,RPL32,RPL10A,RPL27,RPL19,RPL23A,RPS6,RPS7,RPL35A,RPL10,RPS3A,RPS13,RPL24,RACK1,RPL37,RPL27A,RPL6,RPS15A,RPL3,RPL17,RPS5
PROTEIN SYNTHESIS: METHIONINE%PATHWHIZ%PW112933	PROTEIN SYNTHESIS: METHIONINE%PATHWHIZ%PW112933	Details	79	0.724466501714635	1.84574117265811	2.89674273955003e-05	0.00202167177350354	0	3411	RPL31,RPLP2,FAU,RPS18,RPS3,RPL13,RPLP1,RPL18,RPS15,RPS19,RPL39,RPL7A,RPS10,RPL29,RPS14,RPL37A,RPS28,RPL8,RPS12,UBA52,RPL13A,RPS8,RPLP0,RPSA,RPS23,RPS21,RPL36,RPS29,RPL18A,RPS9,RPL41,RPS2,RPL4,RPS16,RPL14,RPL32,RPL10A,RPL27,RPL19,RPL23A,RPS6,RPS7,RPL35A,RPL10,RPS3A,RPS13,RPL24,RACK1,RPL37,RPL27A,RPL6,RPS15A,RPL3,RPL17,RPS5
PROTEIN SYNTHESIS: PHENYLALANINE%PATHWHIZ%PW112934	PROTEIN SYNTHESIS: PHENYLALANINE%PATHWHIZ%PW112934	Details	80	0.719244812995805	1.83569327089107	4.39672407997258e-05	0.00260968174129961	0	3411	RPL31,RPLP2,FAU,RPS18,RPS3,RPL13,RPLP1,RPL18,RPS15,RPS19,RPL39,RPL7A,RPS10,RPL29,RPS14,RPL37A,RPS28,RPL8,RPS12,UBA52,RPL13A,RPS8,RPLP0,RPSA,RPS23,RPS21,RPL36,RPS29,RPL18A,RPS9,RPL41,RPS2,RPL4,RPS16,RPL14,RPL32,RPL10A,RPL27,RPL19,RPL23A,RPS6,RPS7,RPL35A,RPL10,RPS3A,RPS13,RPL24,RACK1,RPL37,RPL27A,RPL6,RPS15A,RPL3,RPL17,RPS5
PROTEIN SYNTHESIS: PROLINE%PATHWHIZ%PW113695	PROTEIN SYNTHESIS: PROLINE%PATHWHIZ%PW113695	Details	79	0.671659567336599	1.71120364365889	0.000604417145844224	0.01822008779531	0	3411	RPL31,RPLP2,FAU,RPS18,RPS3,RPL13,RPLP1,RPL18,RPS15,RPS19,RPL39,RPL7A,RPS10,RPL29,RPS14,RPL37A,RPS28,RPL8,RPS12,UBA52,RPL13A,RPS8,RPLP0,RPSA,RPS23,RPS21,RPL36,RPS29,RPL18A,RPS9,RPL41,RPS2,RPL4,RPS16,RPL14,RPL32,RPL10A,RPL27,RPL19,RPL23A,RPS6,RPS7,RPL35A,RPL10,RPS3A,RPS13,RPL24,RACK1,RPL37,RPL27A,RPL6,RPS15A,RPL3,RPL17,RPS5
PROTEIN SYNTHESIS: SERINE%PATHWHIZ%PW120517	PROTEIN SYNTHESIS: SERINE%PATHWHIZ%PW120517	Details	79	0.725686185947132	1.84884859225616	2.62304071536501e-05	0.00187179006553744	0	3411	RPL31,RPLP2,FAU,RPS18,RPS3,RPL13,RPLP1,RPL18,RPS15,RPS19,RPL39,RPL7A,RPS10,RPL29,RPS14,RPL37A,RPS28,RPL8,RPS12,UBA52,RPL13A,RPS8,RPLP0,RPSA,RPS23,RPS21,RPL36,RPS29,RPL18A,RPS9,RPL41,RPS2,RPL4,RPS16,RPL14,RPL32,RPL10A,RPL27,RPL19,RPL23A,RPS6,RPS7,RPL35A,RPL10,RPS3A,RPS13,RPL24,RACK1,RPL37,RPL27A,RPL6,RPS15A,RPL3,RPL17,RPS5
PROTEIN SYNTHESIS: THREONINE%PATHWHIZ%PW120525	PROTEIN SYNTHESIS: THREONINE%PATHWHIZ%PW120525	Details	79	0.680130030404879	1.73278405131004	0.000408389963408259	0.0146535856361913	0	3411	RPL31,RPLP2,FAU,RPS18,RPS3,RPL13,RPLP1,RPL18,RPS15,RPS19,RPL39,RPL7A,RPS10,RPL29,RPS14,RPL37A,RPS28,RPL8,RPS12,UBA52,RPL13A,RPS8,RPLP0,RPSA,RPS23,RPS21,RPL36,RPS29,RPL18A,RPS9,RPL41,RPS2,RPL4,RPS16,RPL14,RPL32,RPL10A,RPL27,RPL19,RPL23A,RPS6,RPS7,RPL35A,RPL10,RPS3A,RPS13,RPL24,RACK1,RPL37,RPL27A,RPL6,RPS15A,RPL3,RPL17,RPS5
PROTEIN SYNTHESIS: TRYPTOPHAN%PATHWHIZ%PW120526	PROTEIN SYNTHESIS: TRYPTOPHAN%PATHWHIZ%PW120526	Details	79	0.722857890176077	1.84164287337097	3.07921106408617e-05	0.00205246656827146	0	3411	RPL31,RPLP2,FAU,RPS18,RPS3,RPL13,RPLP1,RPL18,RPS15,RPS19,RPL39,RPL7A,RPS10,RPL29,RPS14,RPL37A,RPS28,RPL8,RPS12,UBA52,RPL13A,RPS8,RPLP0,RPSA,RPS23,RPS21,RPL36,RPS29,RPL18A,RPS9,RPL41,RPS2,RPL4,RPS16,RPL14,RPL32,RPL10A,RPL27,RPL19,RPL23A,RPS6,RPS7,RPL35A,RPL10,RPS3A,RPS13,RPL24,RACK1,RPL37,RPL27A,RPL6,RPS15A,RPL3,RPL17,RPS5
PROTEIN SYNTHESIS: TYROSINE%PATHWHIZ%PW120527	PROTEIN SYNTHESIS: TYROSINE%PATHWHIZ%PW120527	Details	79	0.727840463556228	1.85433709844801	2.23563286018523e-05	0.00168737062528671	0	3411	RPL31,RPLP2,FAU,RPS18,RPS3,RPL13,RPLP1,RPL18,RPS15,RPS19,RPL39,RPL7A,RPS10,RPL29,RPS14,RPL37A,RPS28,RPL8,RPS12,UBA52,RPL13A,RPS8,RPLP0,RPSA,RPS23,RPS21,RPL36,RPS29,RPL18A,RPS9,RPL41,RPS2,RPL4,RPS16,RPL14,RPL32,RPL10A,RPL27,RPL19,RPL23A,RPS6,RPS7,RPL35A,RPL10,RPS3A,RPS13,RPL24,RACK1,RPL37,RPL27A,RPL6,RPS15A,RPL3,RPL17,RPS5
PROTEIN SYNTHESIS: VALINE%PATHWHIZ%PW120528	PROTEIN SYNTHESIS: VALINE%PATHWHIZ%PW120528	Details	79	0.723569778897133	1.84345656982166	3.07921106408617e-05	0.00205246656827146	0	3411	RPL31,RPLP2,FAU,RPS18,RPS3,RPL13,RPLP1,RPL18,RPS15,RPS19,RPL39,RPL7A,RPS10,RPL29,RPS14,RPL37A,RPS28,RPL8,RPS12,UBA52,RPL13A,RPS8,RPLP0,RPSA,RPS23,RPS21,RPL36,RPS29,RPL18A,RPS9,RPL41,RPS2,RPL4,RPS16,RPL14,RPL32,RPL10A,RPL27,RPL19,RPL23A,RPS6,RPS7,RPL35A,RPL10,RPS3A,RPS13,RPL24,RACK1,RPL37,RPL27A,RPL6,RPS15A,RPL3,RPL17,RPS5
REGULATION OF ACTIVIN RECEPTOR SIGNALING PATHWAY%GOBP%GO:0032925	REGULATION OF ACTIVIN RECEPTOR SIGNALING PATHWAY%GOBP%GO:0032925	Details	22	0.835525328521824	1.72914695101128	0.00121994976677431	0.0319930376095319	0	1259	CER1,DACT1,FST,NODAL,SMAD6,ACVR1B,ACVR2A
REGULATION OF ANGIOGENESIS%GOBP%GO:0045765	REGULATION OF ANGIOGENESIS%GOBP%GO:0045765	Details	206	0.553164836375522	1.58111545628296	0.000532182242852497	0.0171939960505267	0	1770	GATA6,WNT5A,GATA4,APLNR,ITGA5,BMPER,PTPRM,ADAMTS9,DLL1,NODAL,FOXC1,TSPAN18,EPHA2,PGF,CYP1B1,PRKD1,RHOB,TWIST1,FOXC2,RUNX1,HIPK2,HHEX,PDPK1,TSPAN12,DAB2IP,STIM1,PIK3CB,EMILIN2,ATP2B4,MYDGF,PKM,ADAM12,GTF2I,MDK,CCM2,SEMA3E,SIRT6,VEGFB,SPHK1
REGULATION OF ANIMAL ORGAN MORPHOGENESIS%GOBP%GO:2000027	REGULATION OF ANIMAL ORGAN MORPHOGENESIS%GOBP%GO:2000027	Details	36	0.775757281947972	1.75070897441587	0.000747930146803033	0.0210181608953366	0	1731	LHX1,MESP1,BMP2,WNT3A,DKK1,MSX1,BMP4,DVL2,GATA3,CITED2,SMO,DVL1,GATA5
REGULATION OF CANONICAL WNT SIGNALING PATHWAY%GOBP%GO:0060828	REGULATION OF CANONICAL WNT SIGNALING PATHWAY%GOBP%GO:0060828	Details	203	0.571644509008129	1.63136908516392	0.000236924717171119	0.010377302612095	0	1637	WLS,DKK4,WNT5A,LGR5,MESP1,BMP2,ZEB2,NOTUM,WNT3A,DKK1,TGFB1,DACT1,SOX17,BAMBI,NKD1,FRMD8,AMFR,MCC,PTK7,FAM53B,SNAI2,TLE3,HDAC1,DKK3,SHISA6,AXIN2,HHEX,TBL1X,DACT3,DAB2IP,FUZ,INVS,AMER3,FOLR1,NPHP4,PIN1,PPP1CA,MDK,EGF,LMBR1L,CSNK1D,RPS12,PFDN5
REGULATION OF CARDIOCYTE DIFFERENTIATION%GOBP%GO:1905207	REGULATION OF CARDIOCYTE DIFFERENTIATION%GOBP%GO:1905207	Details	21	0.930113016316774	1.91093968621906	2.87241151754723e-06	0.000309198060134618	0	196	BMP2,WNT3A,DKK1,TGFB1,SOX17,BMP4
REGULATION OF CELL DEVELOPMENT%GOBP%GO:0060284	REGULATION OF CELL DEVELOPMENT%GOBP%GO:0060284	Details	474	0.486112159868963	1.49295513151537	7.65373213499038e-05	0.00422685676428904	0	1734	WNT3,SEMA6D,PLXNA2,BMP2,TCF7,HAPLN1,LEF1,TNFRSF11B,TENM4,WNT3A,TGFB1,MEIS2,ZAP70,DLL1,ULK2,GPR55,MEIS1,SERPINE2,BMP4,MALT1,NTN1,NRP1,PRDM1,SMARCD3,SLIT2,NCAN,CXCR4,CDK6,AKT1,GDI1,IL1RAPL1,DUSP10,RUNX1,GATA3,S1PR3,PHF10,CUX1,FXR2,ARID1A,FANCA,IL23A,DRD2,PLXNA3,GPR137,BRD1,ADD1,ZFYVE27,TMEM98,MMP14,ID2,BRPF1,AGER,HES7,ACVR1B,ABCB10,APPL2,SEMA4C,ACVR2A,ZMIZ1,RPS19,ZFPM1,DISC1,CLCF1,MDK,RELN,CUL7,HOOK3,NF2,TIAM1,SEMA6C,CBFB,METRN,BRPF3,KAT5,SEMA3E
REGULATION OF CELLULAR RESPONSE TO GROWTH FACTOR STIMULUS%GOBP%GO:0090287	REGULATION OF CELLULAR RESPONSE TO GROWTH FACTOR STIMULUS%GOBP%GO:0090287	Details	227	0.580240233069466	1.67481774239956	3.64747166182977e-05	0.00227108750238048	0	1221	CER1,FGF4,ITGA5,BMP2,ZEB2,TGFB1,FST,DLL1,BMP4,BAMBI,FBN2,SMAD6,NRP1,KCP,SLIT2,SPRED2,CHRD,SNX25,HDAC1,JCAD,GDF3,DKK3,ADAMTS3,OTX2,GATA3,SAP30L,HIPK2,HHEX,IL17RD,PDPK1,DAB2IP,TWSG1,FUZ,PIK3CB,ATP2B4,FOLR1,CITED2,FAM89B,SPART,PIN1
REGULATION OF DNA-BINDING TRANSCRIPTION FACTOR ACTIVITY%GOBP%GO:0051090	REGULATION OF DNA-BINDING TRANSCRIPTION FACTOR ACTIVITY%GOBP%GO:0051090	Details	295	0.533624450149877	1.57769230920294	0.000142562297397891	0.00680313879731949	0	1237	EOMES,NTS,TBXT,WNT5A,TBX6,BMP2,NODAL,HAND1,PTCH1,MALT1,FOXH1,CYP1B1,ARRB1,MID2,FOXA2,PRKD1,SUFU,AKT1,DVL2,NR0B1,HIPK2,TRAF3,ID1,DAB2IP,ID3,LRRC14,NFKBIA,CMKLR1,CFLAR,FZD1,HDAC5,PARK7,ADGRG3,ID2,RPS3,ARHGEF2,AGER,ENPP1,CCDC22
REGULATION OF EMBRYONIC DEVELOPMENT%GOBP%GO:0045995	REGULATION OF EMBRYONIC DEVELOPMENT%GOBP%GO:0045995	Details	67	0.66361023390704	1.65109308219082	0.00227050498019523	0.0471241082654245	0	533	LHX1,TENM4,WNT3A,MSX1,SOX17,WNT4,FOXA2,TADA2A,OTX2
REGULATION OF ENDOTHELIAL CELL MIGRATION%GOBP%GO:0010594	REGULATION OF ENDOTHELIAL CELL MIGRATION%GOBP%GO:0010594	Details	148	0.582919619603074	1.60814377011189	0.000906910969011313	0.0246144938640635	0	1067	FGF4,WNT5A,BMPER,PTPRM,TGFB1,ADAMTS9,EPHA2,NRP1,SLIT2,PRKD1,RHOB,AKT1,ANGPT2,JCAD,FOXC2,PRCP,GATA3,PDPK1,DAB2IP,PIK3CB,HDAC5,ATOH8,ATP2B4
REGULATION OF EPITHELIAL CELL DIFFERENTIATION%GOBP%GO:0030856	REGULATION OF EPITHELIAL CELL DIFFERENTIATION%GOBP%GO:0030856	Details	93	0.658680175143718	1.71523297832976	0.000322388252172091	0.0128347973701229	0	1002	LHX1,MESP1,MACROH2A2,BMP2,LEF1,DLL1,MSX1,FOXC1,BMP4,SPRED2,ZEB1,GDF3,GATA3,S1PR3,MACROH2A1,ADD1,ATOH8
REGULATION OF EPITHELIAL CELL MIGRATION%GOBP%GO:0010632	REGULATION OF EPITHELIAL CELL MIGRATION%GOBP%GO:0010632	Details	195	0.541872227261555	1.5409499557707	0.00136737909099016	0.0343249984461601	0	1130	FGF4,WNT5A,BMPER,PTPRM,TGFB1,ADAMTS9,GLIPR2,EPHA2,NRP1,MCC,SLIT2,PRKD1,RHOB,AKT1,ANGPT2,JCAD,FOXC2,ARSB,SRC,DUSP10,PRCP,GATA3,PDPK1,DAB2IP,PIK3CB,HDAC5,RREB1,ATOH8,HDAC6,ATP2B4,ENPP2
REGULATION OF EPITHELIAL TO MESENCHYMAL TRANSITION%GOBP%GO:0010717	REGULATION OF EPITHELIAL TO MESENCHYMAL TRANSITION%GOBP%GO:0010717	Details	89	0.672123445819119	1.74065403514084	0.000290862082895694	0.0118414428748112	0	1587	BMP2,SNAI1,LEF1,TGFB1,FOXC1,BAMBI,GLIPR2,FERMT2,EPHA4,FOXA2,SPRED2,TWIST1,AXIN2,GATA3,IL17RD,DAB2IP,FUZ,MCRIP1,OLFM1,MDK,VASN,TIAM1
REGULATION OF ERK1 AND ERK2 CASCADE%GOBP%GO:0070372	REGULATION OF ERK1 AND ERK2 CASCADE%GOBP%GO:0070372	Details	195	0.626089437927783	1.78044277441374	4.88197048340559e-06	0.000469778705153165	0	1270	ROR2,FGF4,CALCR,BMP2,CNKSR3,BMPER,FSHR,TGFB1,NODAL,GPR55,PDGFRA,FGFR3,GLIPR2,EPHA2,NRP1,FERMT2,EPHA4,ARRB1,SPRED2,DUSP10,DUSP4,HRAS,DAB2IP,DDT,F2RL1,FN1,AGER,PIN1,MFAP3
REGULATION OF MAPK CASCADE%GOBP%GO:0043408	REGULATION OF MAPK CASCADE%GOBP%GO:0043408	Details	455	0.491382624136229	1.504818879094	0.000198754471975619	0.00888936374307859	0	1541	ROR2,FGF4,WNT5A,CALCR,BMP2,CNKSR3,GRAP2,BMPER,FSHR,DKK1,TGFB1,DACT1,NODAL,GPR55,BMP4,PDGFRA,WNT4,FGFR3,GLIPR2,EPHA2,ADRA2C,NRP1,PINK1,RET,FERMT2,MAP3K4,EPHA4,ARRB1,SMPD1,SPRED2,BCAR3,JCAD,GBA1,DVL2,DUSP10,DUSP4,HRAS,MAP4K1,HIPK2,DAB2IP,LBH,PIK3CB,DDT,DUSP8,F2RL1,RPS3,MYDGF,FN1,AGER,FZD10,TNFRSF19,LAMTOR1,TENM1,PIN1,SEMA4C,MFAP3,TGFA,PRKCD,TAOK2,MAP2K2,EGF,RAP2A,GHR,CDK5RAP3
REGULATION OF MUSCLE CELL DIFFERENTIATION%GOBP%GO:0051147	REGULATION OF MUSCLE CELL DIFFERENTIATION%GOBP%GO:0051147	Details	86	0.696650268330797	1.79585465697734	0.000143539694353773	0.00680313879731949	0	1103	MESP1,BMP2,WNT3A,DKK1,TGFB1,EFEMP2,BMP4,MYLK3,NFATC1,HDAC1,RBM24,DMPK,MAPK12,HDAC5,MMP14,ID2
REGULATION OF NEUROGENESIS%GOBP%GO:0050767	REGULATION OF NEUROGENESIS%GOBP%GO:0050767	Details	202	0.558912312319146	1.59435507707198	0.000459170826359368	0.0157632103686938	0	1734	WNT3,SEMA6D,PLXNA2,BMP2,HAPLN1,LEF1,TENM4,WNT3A,TGFB1,DLL1,ULK2,SERPINE2,NTN1,NRP1,SMARCD3,SLIT2,NCAN,CXCR4,GDI1,IL1RAPL1,CUX1,FXR2,DRD2,PLXNA3,ZFYVE27,TMEM98,ID2,HES7,APPL2,SEMA4C,DISC1,CLCF1,MDK,RELN,CUL7,HOOK3,NF2,TIAM1,SEMA6C,METRN,SEMA3E
REGULATION OF NUCLEAR BETA CATENIN SIGNALING AND TARGET GENE TRANSCRIPTION%PATHWAY INTERACTION DATABASE NCI-NATURE CURATED DATA%REGULATION OF NUCLEAR BETA CATENIN SIGNALING AND TARGET GENE TRANSCRIPTION	REGULATION OF NUCLEAR BETA CATENIN SIGNALING AND TARGET GENE TRANSCRIPTION%PATHWAY INTERACTION DATABASE NCI-NATURE CURATED DATA%REGULATION OF NUCLEAR BETA CATENIN SIGNALING AND TARGET GENE TRANSCRIPTION	Details	75	0.708714914785368	1.79339939359915	0.000159941046348582	0.00741449332379448	0	1103	SP5,TBXT,FGF4,DKK4,TCF7,LEF1,DKK1,CDX1,SNAI2,HDAC1,AXIN2,TBL1X,CCND1,ID2
REGULATION OF OSTEOBLAST DIFFERENTIATION%GOBP%GO:0045667	REGULATION OF OSTEOBLAST DIFFERENTIATION%GOBP%GO:0045667	Details	88	0.690132938144849	1.78475812222137	0.000170566429868863	0.00784976373983442	0	851	WNT3,PTCH1,BMP4,WNT4,BAMBI,FBN2,SMAD6,FERMT2,PRKD1,SUFU,CDK6,CHRD,SNAI2,TWIST1,FZD1
REGULATION OF SMAD PROTEIN SIGNAL TRANSDUCTION%GOBP%GO:0060390	REGULATION OF SMAD PROTEIN SIGNAL TRANSDUCTION%GOBP%GO:0060390	Details	53	0.747702499728186	1.79671752406249	0.00033116169353979	0.0130634032029267	0	1259	BMP2,BMPER,DKK1,TGFB1,NODAL,BMP4,SMAD6,AMH,TWSG1,FAM89B,PIN1,ACVR2A
REGULATION OF STRIATED MUSCLE CELL DIFFERENTIATION%GOBP%GO:0051153	REGULATION OF STRIATED MUSCLE CELL DIFFERENTIATION%GOBP%GO:0051153	Details	45	0.772675496156688	1.80742290074561	0.000613063834456312	0.01822008779531	0	1065	MESP1,BMP2,WNT3A,DKK1,TGFB1,BMP4,MYLK3,HDAC1,RBM24,DMPK,HDAC5,MMP14
REGULATION OF TRANSMEMBRANE RECEPTOR PROTEIN SERINE/THREONINE KINASE SIGNALING PATHWAY%GOBP%GO:0090092	REGULATION OF TRANSMEMBRANE RECEPTOR PROTEIN SERINE/THREONINE KINASE SIGNALING PATHWAY%GOBP%GO:0090092	Details	204	0.59919674461429	1.71071795531385	3.16267907023088e-05	0.00205246656827146	0	1259	CER1,BMP2,ZEB2,BMPER,DKK1,TGFB1,DACT1,FST,NODAL,BMP4,BAMBI,FBN2,SMAD6,KCP,SPRED2,CHRD,SNX25,HDAC1,GDF3,DKK3,SAP30L,HIPK2,IL17RD,PDPK1,AMH,TWSG1,FOLR1,CITED2,FAM89B,ACVR1B,SPART,PIN1,ACVR2A
REGULATION OF VASCULATURE DEVELOPMENT%GOBP%GO:1901342	REGULATION OF VASCULATURE DEVELOPMENT%GOBP%GO:1901342	Details	212	0.574522027977387	1.64683277667867	0.000105547627376114	0.0052369764177008	0	932	GATA6,WNT5A,GATA4,APLNR,ITGA5,BMPER,PTPRM,TGFB1,ADAMTS9,DLL1,NODAL,FOXC1,WNT4,TSPAN18,EPHA2,PGF,CYP1B1,CXCR4,PRKD1,RHOB,TWIST1,FOXC2,RUNX1,HIPK2,HHEX,PDPK1,TSPAN12,DAB2IP,STIM1,PIK3CB,EMILIN2
REGULATION OF WNT SIGNALING PATHWAY%GOBP%GO:0030111	REGULATION OF WNT SIGNALING PATHWAY%GOBP%GO:0030111	Details	262	0.567351766111795	1.65978080205873	4.38285109248045e-05	0.00260968174129961	0	1637	CER1,WLS,DKK4,WNT5A,LGR5,MESP1,BMP2,ZEB2,ALPK2,NOTUM,RSPO3,WNT3A,DKK1,TGFB1,DACT1,SOX17,BAMBI,NXN,NKD1,FRMD8,AMFR,MCC,PTK7,FAM53B,SALL1,WNT5B,SNAI2,TLE3,HDAC1,DKK3,SHISA6,AXIN2,APCDD1,HHEX,TBL1X,DACT3,DAB2IP,FUZ,TSKU,HIC1,INVS,AMER3,FOLR1,NPHP4,PIN1,PPP1CA,DISC1,MDK,EGF,LMBR1L,TIAM1,CSNK1D,RPS12,PFDN5
RENAL SYSTEM DEVELOPMENT%GOBP%GO:0072001	RENAL SYSTEM DEVELOPMENT%GOBP%GO:0072001	Details	133	0.651164028745636	1.77304350151683	3.5022589794418e-05	0.00220226205727078	0	1168	CER1,LHX1,HAS2,BMP2,DLL1,FOXC1,SOX17,KANK2,PTCH1,BMP4,PDGFRA,WNT4,GREB1L,RET,SLIT2,ITGA8,SALL1,ANGPT2,GATA3,FOXF1,STRA6,PLCE1,FGF8,PYGO1
REPRODUCTIVE STRUCTURE DEVELOPMENT%GOBP%GO:0048608	REPRODUCTIVE STRUCTURE DEVELOPMENT%GOBP%GO:0048608	Details	80	0.751765558239396	1.91869437445046	3.67567832053377e-06	0.000370543381169999	0	873	GATA6,LHX1,WNT5A,GATA4,TBX3,FSHR,PDGFRA,WNT4,SLIT2,SLIT3,INHBB,MAMLD1,SALL1,IRX5,NR0B1,GATA3,AMH,STRA6
REPRODUCTIVE SYSTEM DEVELOPMENT%GOBP%GO:0061458	REPRODUCTIVE SYSTEM DEVELOPMENT%GOBP%GO:0061458	Details	80	0.751765558239396	1.91869437445046	3.67567832053377e-06	0.000370543381169999	0	873	GATA6,LHX1,WNT5A,GATA4,TBX3,FSHR,PDGFRA,WNT4,SLIT2,SLIT3,INHBB,MAMLD1,SALL1,IRX5,NR0B1,GATA3,AMH,STRA6
RESPONSE TO RETINOIC ACID%GOBP%GO:0032526	RESPONSE TO RETINOIC ACID%GOBP%GO:0032526	Details	57	0.7856973005209	1.9083992684977	7.72413781219968e-06	0.000690929566834932	0	762	WNT3,GATA6,WNT5A,WNT8A,WNT3A,ASXL1,RET,PTK7,WNT5B,RXRG,WNT9B,RXRA,HTRA2
ROOF OF MOUTH DEVELOPMENT%GOBP%GO:0060021	ROOF OF MOUTH DEVELOPMENT%GOBP%GO:0060021	Details	35	0.801687585133307	1.8009164496355	0.000278789357216288	0.01164862636632	0	1990	WNT5A,WNT8A,LEF1,EPHB3,WNT3A,MSX1,PKDCC,FOXF2,WNT11,TFAP2A,BCOR
SECONDARY PALATE DEVELOPMENT%GOBP%GO:0062009	SECONDARY PALATE DEVELOPMENT%GOBP%GO:0062009	Details	16	0.904859963701017	1.77383488024586	0.000344121855360151	0.0134080852968854	0	1887	WNT5A,WNT8A,LEF1,WNT3A,WNT11
SEGMENTATION%GOBP%GO:0035282	SEGMENTATION%GOBP%GO:0035282	Details	28	0.793691668732281	1.71157063860445	0.00184760788075823	0.0436214039059313	0	1026	TBXT,MESP1,MESP2,TBX3,DLL1,FOXB1,DVL2,LFNG,BMI1,RIPPLY2
SELENOCYSTEINE SYNTHESIS%REACTOME%R-HSA-2408557.4	SELENOCYSTEINE SYNTHESIS%REACTOME%R-HSA-2408557.4	Details	91	0.659129509785755	1.71200558150504	0.000370925863208993	0.0136962218444204	0	3411	RPL31,RPLP2,FAU,RPS18,RPS3,RPL13,RPLP1,RPL18,RPS15,RPS19,RPL39,RPL7A,RPS10,RPL29,RPS14,RPL37A,RPS28,RPL8,RPS12,UBA52,RPL13A,RPS8,RPLP0,RPSA,RPS23,RPS21,RPL36,RPS29,RPL18A,RPS9,RPL41,RPS2,RPL4,RPS16,RPL14,RPL32,RPS27A,RPL10A,RPL27,RPL19,RPL23A,RPS6,RPS7,RPL35A,RPL10,RPS3A,RPS13,RPL24,RPL37,RPL27A,RPL6,RPS15A,RPL3,RPL17,RPS5
SEMI-LUNAR VALVE DEVELOPMENT%GOBP%GO:1905314	SEMI-LUNAR VALVE DEVELOPMENT%GOBP%GO:1905314	Details	47	0.788602845968383	1.8584628856373	4.30616574195076e-05	0.00260461510734565	0	873	GATA4,BMP2,SNAI1,TGFB1,CDH11,BMP4,NFATC1,SMAD6,SLIT2,SLIT3,SNAI2,TWIST1,AXIN2,GATA3,STRA6
SENSORY ORGAN DEVELOPMENT%GOBP%GO:0007423	SENSORY ORGAN DEVELOPMENT%GOBP%GO:0007423	Details	212	0.610929190614638	1.75119171474755	5.75502317333652e-06	0.0005297123503458	0	920	LHX1,WNT5A,GSC,BMP2,PTPRM,MEIS2,DLL1,MSX1,FOXC1,MEIS1,PDGFRA,FBN2,MEIS3,EPHA2,COL5A1,NRP1,MYO3B,NKD1,SAMD11,HOXA1,CYP1B1,SMARCD3,TMEM132E,WNT5B,HDAC1,TWIST1,GDF3,PBX2,GATA3,WNT9B,HIPK2,TSPAN12,TSKU,STRA6,COL5A2,DRD2
SENSORY ORGAN MORPHOGENESIS%GOBP%GO:0090596	SENSORY ORGAN MORPHOGENESIS%GOBP%GO:0090596	Details	103	0.627420641585631	1.65695099071296	0.000862495807312048	0.0238161342271253	0	879	LHX1,WNT5A,GSC,PTPRM,DLL1,FBN2,EPHA2,COL5A1,MYO3B,NKD1,SAMD11,HOXA1,HDAC1,TWIST1,TSPAN12,TSKU,STRA6,COL5A2
SENSORY SYSTEM DEVELOPMENT%GOBP%GO:0048880	SENSORY SYSTEM DEVELOPMENT%GOBP%GO:0048880	Details	167	0.633339430884528	1.77163899641997	3.10719496929872e-05	0.00205246656827146	0	920	LHX1,WNT5A,PTPRM,MEIS2,DLL1,FOXC1,MEIS1,PDGFRA,FBN2,MEIS3,EPHA2,COL5A1,NRP1,NKD1,SAMD11,CYP1B1,SMARCD3,TMEM132E,WNT5B,HDAC1,TWIST1,GDF3,PBX2,WNT9B,HIPK2,TSPAN12,TSKU,STRA6,COL5A2,DRD2
SEX DIFFERENTIATION%GOBP%GO:0007548	SEX DIFFERENTIATION%GOBP%GO:0007548	Details	81	0.746730210628779	1.90884200968458	3.33772931915455e-06	0.000347506867310664	0	1165	GATA6,LHX1,WNT5A,GATA4,TBX3,FSHR,PDGFRA,WNT4,SLIT2,SLIT3,INHBB,MAMLD1,SALL1,IRX5,NR0B1,GATA3,AMH,STRA6,AMHR2,FGF8
SIGNALING BY GPCR%REACTOME%R-HSA-372790.7	SIGNALING BY GPCR%REACTOME%R-HSA-372790.7	Details	454	0.46178307582599	1.41395892957675	0.00144481853609395	0.0357044456137459	0	1611	NTS,WNT3,WNT5A,APLNR,ITGA5,CALCR,WNT8A,WNT3A,FSHR,GPR55,CAMKK2,PTCH1,WNT4,KEL,GABBR2,ADRA2C,PREX1,RHOC,GAL,TACR1,ARRB1,GNAS,CXCR4,RHOB,AKT1,MAPK7,SRC,ARHGEF17,CAMK2D,WNT9B,HRAS,PDE4D,S1PR3,PTH1R,PDPK1,PDE1B,TRH,BDKRB2,CMKLR1,FZD1,RGS12,GPSM3,GNAI1,PIK3R1,DRD2,GPSM1,F2RL1,PTGIR,ARHGEF2,GRPR,FZD10,PLEKHG2,GNB2,FZD8,TRIO,CCKBR,ARHGEF39,PRKCD,PPP1CA,SMO,GRK2,GNAL,ARHGEF25,TIAM1,FZD2
SIGNALING BY WNT%REACTOME DATABASE ID RELEASE 81%195721	SIGNALING BY WNT%REACTOME DATABASE ID RELEASE 81%195721	Details	266	0.539573081578415	1.58047996814291	0.000200400801603206	0.00890031811875499	0	1174	WNT3,WLS,ROR2,DKK4,WNT5A,LGR5,TCF7,WNT8A,LEF1,RSPO3,WNT3A,DKK1,DACT1,SOX17,WNT4,NFATC1,PSMD9,AP2A2,H2BC9,AKT1,WNT5B,TLE3,HDAC1,AXIN2,DVL2,WNT9B,UBB,FZD1,AGO4,MOV10,PSMC3,H2AX,PYGO1,GNB2,FZD8
SMOOTH MUSCLE CELL DIFFERENTIATION%GOBP%GO:0051145	SMOOTH MUSCLE CELL DIFFERENTIATION%GOBP%GO:0051145	Details	18	0.945453419561649	1.89295198307	2.26936497484523e-06	0.000277168018370039	0	1855	GATA6,MESP1,APLNR,EFEMP2,HES1
SOMITOGENESIS%REACTOME%R-HSA-9824272.2	SOMITOGENESIS%REACTOME%R-HSA-9824272.2	Details	55	0.721085642907315	1.74279897551758	0.000605683328566381	0.01822008779531	0	1162	DLL3,MESP2,TBX6,LEF1,DLL1,PSMD9,MSGN1,EPHA4,LFNG,PSMC3,RIPPLY2,HES7
SPECIFICATION OF SYMMETRY%GOBP%GO:0009799	SPECIFICATION OF SYMMETRY%GOBP%GO:0009799	Details	74	0.74974557880474	1.8940044776005	1.97129235589361e-05	0.00156495971903504	0	1272	CER1,MESP1,GATA4,APLNR,TBX6,DLL1,NODAL,SOX17,HAND1,ZIC3,FOXH1,ODAD2,DVL2,CFC1,CFC1B,STIL,FOLR1,CITED2,BBS5
STRIATED MUSCLE CELL DIFFERENTIATION%GOBP%GO:0051146	STRIATED MUSCLE CELL DIFFERENTIATION%GOBP%GO:0051146	Details	129	0.607142732708763	1.64728367914132	0.000578948191960444	0.0180240194467685	0	841	MESP1,BMP2,ALPK2,TBX3,FLNC,WNT3A,IRX3,KDM6B,PDGFRA,MYLK3,MYORG,ADAMTS15,KRT19,ANKRD1,CFLAR
TCF DEPENDENT SIGNALING IN RESPONSE TO WNT%REACTOME%R-HSA-201681.3	TCF DEPENDENT SIGNALING IN RESPONSE TO WNT%REACTOME%R-HSA-201681.3	Details	178	0.577427078236139	1.6259765143774	0.000391466040321002	0.0142885104717166	0	1174	WNT3,DKK4,WNT5A,LGR5,TCF7,WNT8A,LEF1,RSPO3,WNT3A,DKK1,DACT1,SOX17,WNT4,PSMD9,H2BC9,AKT1,TLE3,HDAC1,AXIN2,DVL2,UBB,FZD1,PSMC3,H2AX,PYGO1,FZD8
TELENCEPHALON DEVELOPMENT%GOBP%GO:0021537	TELENCEPHALON DEVELOPMENT%GOBP%GO:0021537	Details	101	0.642135176453666	1.69098179833534	0.000480315086696873	0.0161607679609149	0	2586	WNT5A,BMP2,EPHB3,FOXB1,CNTNAP2,BMP4,SLIT2,SLIT3,CDK6,SALL1,ZSWIM6,FXR2,DAB2IP,TSKU,DRD2,PLXNA3,SZT2,ID2,ZMIZ1,RELN,NPY,RYK,MBOAT7,NF1,KIF26A,LAMB1,NDE1,ERBB4,DRD1
TRANSCRIPTIONAL REGULATION BY RUNX2%REACTOME DATABASE ID RELEASE 81%8878166	TRANSCRIPTIONAL REGULATION BY RUNX2%REACTOME DATABASE ID RELEASE 81%8878166	Details	111	0.61309408700767	1.63469629928521	0.00106244648124068	0.0285915152642355	0	2797	ITGA5,BMP2,MSX2,ZNF521,SMAD6,PSMD9,AKT1,TWIST1,SRC,RUNX1,UBB,PSMC3,CCND1,HDAC6,CDK4,PSMB5,RBM14,CBFB,UBA52,PSMD8,HES1,PSMD4,UBC,SMURF1,PSME2,STUB1,AKT2,RPS27A,YAP1,MAPK3,PSMA7,PSMB4
URETERIC BUD DEVELOPMENT%GOBP%GO:0001657	URETERIC BUD DEVELOPMENT%GOBP%GO:0001657	Details	26	0.839428056380114	1.78740406156247	0.000565070187762713	0.0178545311566218	0	603	CER1,LHX1,BMP2,FOXC1,BMP4,SLIT2,SALL1,GATA3
VASCULOGENESIS%GOBP%GO:0001570	VASCULOGENESIS%GOBP%GO:0001570	Details	34	0.787587896090598	1.76015454448406	0.000559059382588794	0.0177529306941072	0	269	APLNR,TBX6,HAS2,TGFB1,SOX17,NRP1
VIRAL MRNA TRANSLATION%REACTOME DATABASE ID RELEASE 81%192823	VIRAL MRNA TRANSLATION%REACTOME DATABASE ID RELEASE 81%192823	Details	87	0.673429466046902	1.7390847745335	0.000307597662257767	0.0123642579303739	0	3459	RPL31,RPLP2,FAU,RPS18,RPS3,RPL13,RPLP1,RPL18,RPS15,RPS19,RPL39,RPL7A,RPS10,RPL29,RPS14,RPL37A,RPS28,RPL8,RPS12,UBA52,RPL13A,RPS8,RPLP0,RPSA,RPS23,RPS21,RPL36,RPS29,RPL18A,RPS9,RPL41,RPS2,RPL4,RPS16,RPL14,RPL32,RPS27A,RPL10A,RPL27,RPL19,RPL23A,RPS6,RPS7,RPL35A,RPL10,RPS3A,RPS13,RPL24,RPL37,RPL27A,RPL6,RPS15A,RPL3,RPL17,RPS5,DNAJC3
VISUAL SYSTEM DEVELOPMENT%GOBP%GO:0150063	VISUAL SYSTEM DEVELOPMENT%GOBP%GO:0150063	Details	162	0.641023899881236	1.78731888576681	5.40863648043392e-06	0.000512690302794565	0	920	LHX1,WNT5A,PTPRM,MEIS2,DLL1,FOXC1,MEIS1,PDGFRA,FBN2,MEIS3,EPHA2,COL5A1,NRP1,NKD1,SAMD11,CYP1B1,SMARCD3,WNT5B,HDAC1,TWIST1,GDF3,PBX2,WNT9B,HIPK2,TSPAN12,TSKU,STRA6,COL5A2,DRD2
WNT LIGAND BIOGENESIS AND TRAFFICKING%REACTOME%R-HSA-3238698.3	WNT LIGAND BIOGENESIS AND TRAFFICKING%REACTOME%R-HSA-3238698.3	Details	21	0.932130846305931	1.91508536673173	2.19655741724996e-06	0.000273536003077539	0	607	WNT3,WLS,WNT5A,WNT8A,WNT3A,WNT4,WNT5B,WNT9B
WNT SIGNALING NETWORK%PATHWAY INTERACTION DATABASE NCI-NATURE CURATED DATA%WNT SIGNALING NETWORK	WNT SIGNALING NETWORK%PATHWAY INTERACTION DATABASE NCI-NATURE CURATED DATA%WNT SIGNALING NETWORK	Details	26	0.821744075915429	1.74974935337523	0.00062446474450471	0.0182249116517922	0	1174	WNT3,ROR2,WNT5A,WNT3A,DKK1,FZD1,FZD10,FZD8
WNT SIGNALING PATHWAY%GOBP%GO:0016055	WNT SIGNALING PATHWAY%GOBP%GO:0016055	Details	96	0.615151734037702	1.60885114164054	0.00236182519280206	0.0479231686884532	0	607	WNT3,WNT5A,TCF7,WNT8A,SNAI1,LEF1,WNT3A,VANGL1,WNT4,NXN,FERMT2,WNT5B,AXIN2,DVL2,GATA3,WNT9B
WNT SIGNALING PATHWAY%PANTHER PATHWAY%P00057	WNT SIGNALING PATHWAY%PANTHER PATHWAY%P00057	Details	226	0.591622861468604	1.70659792121092	1.53280355746883e-05	0.00128089939387955	0	1707	WNT3,WNT5A,WNT8A,PCDH19,LEF1,PCDH7,PCDH10,WNT3A,DACT1,CDH11,CDH2,CDH20,WNT4,NFATC1,PCDHGC4,CDH10,SMARCD3,ARRB1,CDH22,WNT5B,TLE3,HDAC1,CDH18,PCDHGC3,DVL2,PCDHGB7,WNT9B,PCDH8,TBL1X,DCHS1,ARID1A,FZD1,PCDHGC5,FZD10,PYGO1,GNB2,FZD8,SMARCAL1,PCDHGA3,PCDHGA7,PRKCD,PCDHGA8,PCDHGA5,PCDHGA12,PCDHGA2,PCDHGA6,DVL1,FZD2,CSNK1D,CDH24,BCL9,PCDHGB4,PCDHGA1
WNT SIGNALING%WIKIPATHWAYS_20240310%WP428%HOMO SAPIENS	WNT SIGNALING%WIKIPATHWAYS_20240310%WP428%HOMO SAPIENS	Details	92	0.671690725244268	1.74689409805404	0.00037838616328351	0.0138909278786912	0	1174	CER1,WNT3,ROR2,DKK4,NOTUM,WNT3A,DKK1,SOX17,VANGL1,WNT4,NFATC1,NKD1,WNT5B,DVL2,CAMK2D,FZD1,CCND1,INVS,FZD10,FZD8
